sutra	layer	tokens	candidates	dually_segmented	exact_agree
1.1.1	bhashya	1151	416	38	37
1.1.2	bhashya	0	0	0	0
1.1.3	bhashya	1487	590	33	33
1.1.4	bhashya	439	157	4	4
1.1.5	bhashya	401	140	17	17
1.1.6	bhashya	151	57	2	2
1.1.7	bhashya	655	285	43	42
1.1.8	bhashya	182	95	9	9
1.1.9	bhashya	595	222	16	16
1.1.9	vartika	3	2	0	0
1.1.10	bhashya	246	90	7	7
1.1.11	bhashya	415	173	19	19
1.1.12	bhashya	291	119	9	9
1.1.13	bhashya	41	10	0	0
1.1.14	bhashya	165	53	7	7
1.1.15	bhashya	94	29	3	3
1.1.16	bhashya	0	0	0	0
1.1.17	bhashya	110	29	1	1
1.1.18	bhashya	0	0	0	0
1.1.19	bhashya	172	63	13	13
1.1.20	bhashya	475	237	28	28
1.1.21	bhashya	392	131	12	10
1.1.22	bhashya	101	37	4	4
1.1.23	bhashya	525	252	35	35
1.1.24	bhashya	148	60	6	6
1.1.25	bhashya	31	12	7	7
1.1.26	bhashya	189	58	6	6
1.1.27	bhashya	726	316	32	31
1.1.28	bhashya	183	81	7	6
1.1.29	bhashya	170	93	4	4
1.1.29	vartika	5	3	1	1
1.1.30	bhashya	61	24	6	5
1.1.31	bhashya	0	0	0	0
1.1.32	bhashya	12	2	0	0
1.1.33	bhashya	0	0	0	0
1.1.34	bhashya	94	37	1	1
1.1.35	bhashya	18	3	0	0
1.1.36	bhashya	71	34	3	3
1.1.36	vartika	3	3	1	1
1.1.37	bhashya	52	19	4	4
1.1.38	bhashya	359	153	6	6
1.1.39	bhashya	522	218	20	20
1.1.40	bhashya	0	0	0	0
1.1.41	bhashya	118	66	2	2
1.1.42	bhashya	100	48	4	3
1.1.43	bhashya	99	48	4	3
1.1.44	bhashya	1483	534	35	35
1.1.45	bhashya	319	103	9	9
1.1.46	bhashya	364	123	11	11
1.1.47	bhashya	417	164	14	14
1.1.47	vartika	2	2	0	0
1.1.48	bhashya	152	64	7	6
1.1.49	bhashya	336	125	11	11
1.1.50	bhashya	968	371	22	22
1.1.51	bhashya	871	303	22	22
1.1.51	vartika	3	1	0	0
1.1.52	bhashya	95	39	3	3
1.1.53	bhashya	66	24	4	4
1.1.54	bhashya	46	21	1	1
1.1.55	bhashya	95	35	3	3
1.1.56	bhashya	1503	654	47	46
1.1.57	bhashya	1577	673	57	56
1.1.58	bhashya	648	259	25	25
1.1.58	vartika	3	7	2	2
1.1.59	bhashya	350	149	2	2
1.1.60	bhashya	194	76	14	14
1.1.61	bhashya	233	113	21	21
1.1.62	bhashya	780	287	44	43
1.1.62	vartika	3	2	1	1
1.1.63	bhashya	703	282	41	40
1.1.63	vartika	2	2	0	0
1.1.64	bhashya	0	0	0	0
1.1.65	bhashya	284	137	14	13
1.1.65	vartika	3	1	0	0
1.1.66	bhashya	693	270	28	28
1.1.67	bhashya	690	268	27	27
1.1.68	bhashya	321	151	17	17
1.1.68	vartika	3	2	0	0
1.1.69	bhashya	421	176	8	8
1.1.70	bhashya	234	116	12	10
1.1.71	bhashya	72	32	3	3
1.1.72	bhashya	926	419	28	28
1.1.72	vartika	2	15	2	2
1.1.73	bhashya	146	85	3	3
1.1.73	vartika	2	1	0	0
1.1.74	bhashya	55	23	1	1
1.1.75	bhashya	12	4	0	0
1.1.75	vartika	2	2	0	0
1.2.1	bhashya	394	174	16	16
1.2.1	vartika	3	2	0	0
1.2.2	bhashya	0	0	0	0
1.2.3	bhashya	0	0	0	0
1.2.4	bhashya	116	61	6	6
1.2.5	bhashya	55	20	2	2
1.2.5	vartika	4	2	0	0
1.2.6	bhashya	44	18	1	1
1.2.6	vartika	4	1	0	0
1.2.7	bhashya	88	30	0	0
1.2.8	bhashya	0	0	0	0
1.2.9	bhashya	267	109	11	11
1.2.10	bhashya	87	22	1	1
1.2.11	bhashya	148	55	2	2
1.2.12	bhashya	0	0	0	0
1.2.13	bhashya	0	0	0	0
1.2.14	bhashya	0	0	0	0
1.2.15	bhashya	0	0	0	0
1.2.16	bhashya	0	0	0	0
1.2.17	bhashya	70	10	2	2
1.2.18	bhashya	241	100	7	7
1.2.19	bhashya	0	0	0	0
1.2.20	bhashya	0	0	0	0
1.2.21	bhashya	10	5	0	0
1.2.22	bhashya	85	32	5	5
1.2.23	bhashya	0	0	0	0
1.2.24	bhashya	0	0	0	0
1.2.25	bhashya	11	7	0	0
1.2.26	bhashya	47	15	0	0
1.2.27	bhashya	536	211	40	39
1.2.28	bhashya	275	90	4	4
1.2.29	bhashya	180	71	4	4
1.2.30	bhashya	180	71	4	4
1.2.31	bhashya	131	43	9	9
1.2.32	bhashya	245	122	10	10
1.2.33	bhashya	119	42	1	1
1.2.34	bhashya	0	0	0	0
1.2.35	bhashya	0	0	0	0
1.2.36	bhashya	0	0	0	0
1.2.37	bhashya	83	26	0	0
1.2.38	bhashya	9	7	0	0
1.2.39	bhashya	123	65	5	5
1.2.40	bhashya	0	0	0	0
1.2.41	bhashya	210	93	12	12
1.2.42	bhashya	64	34	8	8
1.2.43	bhashya	184	84	11	11
1.2.44	bhashya	119	57	4	3
1.2.44	vartika	1	1	0	0
1.2.45	bhashya	947	396	24	22
1.2.45	vartika	3	2	0	0
1.2.46	bhashya	11	8	2	0
1.2.47	bhashya	164	79	0	0
1.2.48	bhashya	294	149	11	10
1.2.48	vartika	3	1	0	0
1.2.49	bhashya	53	27	4	4
1.2.50	bhashya	84	22	4	4
1.2.51	bhashya	213	93	6	4
1.2.51	vartika	4	2	1	0
1.2.52	bhashya	146	73	3	3
1.2.52	vartika	2	4	0	0
1.2.53	bhashya	12	5	2	2
1.2.54	bhashya	0	0	0	0
1.2.55	bhashya	0	0	0	0
1.2.56	bhashya	0	0	0	0
1.2.57	bhashya	0	0	0	0
1.2.58	bhashya	216	89	7	7
1.2.58	vartika	2	2	1	1
1.2.59	bhashya	50	12	0	0
1.2.59	vartika	2	2	0	0
1.2.60	bhashya	34	12	0	0
1.2.61	bhashya	2	1	0	0
1.2.62	bhashya	17	8	1	1
1.2.63	bhashya	134	48	7	5
1.2.64	bhashya	2284	944	81	76
1.2.64	vartika	3	2	0	0
1.2.65	bhashya	29	7	0	0
1.2.66	bhashya	72	22	8	8
1.2.67	bhashya	28	4	0	0
1.2.68	bhashya	239	85	10	10
1.2.69	bhashya	88	29	2	2
1.2.70	bhashya	2	0	0	0
1.2.71	bhashya	132	40	2	2
1.2.72	bhashya	160	69	3	3
1.2.72	vartika	1	4	0	0
1.2.73	bhashya	126	38	0	0
1.2.73	vartika	2	2	0	0
1.3.1	bhashya	1271	445	49	49
1.3.2	bhashya	282	110	13	13
1.3.3	bhashya	213	83	13	12
1.3.4	bhashya	115	40	1	1
1.3.5	bhashya	0	0	0	0
1.3.6	bhashya	0	0	0	0
1.3.7	bhashya	142	58	4	3
1.3.7	vartika	3	1	1	1
1.3.8	bhashya	0	0	0	0
1.3.9	bhashya	394	158	20	20
1.3.10	bhashya	558	257	15	15
1.3.11	bhashya	357	136	14	14
1.3.12	bhashya	648	276	40	39
1.3.13	bhashya	0	0	0	0
1.3.14	bhashya	207	90	6	4
1.3.15	bhashya	22	15	0	0
1.3.15	vartika	1	2	0	0
1.3.16	bhashya	8	8	0	0
1.3.16	vartika	2	2	0	0
1.3.17	bhashya	0	0	0	0
1.3.18	bhashya	0	0	0	0
1.3.19	bhashya	40	14	0	0
1.3.20	bhashya	50	19	0	0
1.3.20	vartika	2	2	0	0
1.3.21	bhashya	89	37	0	0
1.3.21	vartika	4	7	0	0
1.3.22	bhashya	18	9	0	0
1.3.22	vartika	2	1	0	0
1.3.23	bhashya	0	0	0	0
1.3.24	bhashya	11	4	1	1
1.3.24	vartika	2	2	0	0
1.3.25	bhashya	55	31	1	1
1.3.25	vartika	3	4	0	0
1.3.26	bhashya	0	0	0	0
1.3.27	bhashya	62	23	5	5
1.3.27	vartika	1	1	0	0
1.3.28	bhashya	19	4	0	0
1.3.28	vartika	1	1	0	0
1.3.29	bhashya	34	18	2	2
1.3.29	vartika	2	4	0	0
1.3.30	vartika	2	1	0	0
1.3.30	bhashya	0	0	0	0
1.3.31	bhashya	0	0	0	0
1.3.32	bhashya	0	0	0	0
1.3.33	bhashya	0	0	0	0
1.3.34	bhashya	0	0	0	0
1.3.35	bhashya	0	0	0	0
1.3.36	bhashya	0	0	0	0
1.3.37	bhashya	0	0	0	0
1.3.38	bhashya	0	0	0	0
1.3.39	bhashya	0	0	0	0
1.3.40	bhashya	12	4	0	0
1.3.40	vartika	3	2	0	0
1.3.41	bhashya	0	0	0	0
1.3.42	bhashya	0	0	0	0
1.3.43	bhashya	0	0	0	0
1.3.44	bhashya	0	0	0	0
1.3.45	bhashya	0	0	0	0
1.3.46	bhashya	0	0	0	0
1.3.47	bhashya	0	0	0	0
1.3.48	bhashya	72	28	0	0
1.3.49	bhashya	0	0	0	0
1.3.50	bhashya	0	0	0	0
1.3.51	bhashya	24	10	0	0
1.3.52	bhashya	0	0	0	0
1.3.53	bhashya	0	0	0	0
1.3.54	bhashya	34	6	1	1
1.3.55	bhashya	55	20	1	1
1.3.55	vartika	7	3	0	0
1.3.56	bhashya	20	7	1	1
1.3.57	bhashya	0	0	0	0
1.3.58	bhashya	57	29	5	4
1.3.59	bhashya	0	0	0	0
1.3.60	bhashya	362	144	16	16
1.3.61	bhashya	0	0	0	0
1.3.62	bhashya	469	179	16	16
1.3.63	bhashya	65	29	3	2
1.3.64	bhashya	15	13	0	0
1.3.64	vartika	2	2	0	0
1.3.65	bhashya	15	6	3	3
1.3.66	bhashya	26	9	0	0
1.3.67	bhashya	273	93	2	2
1.3.68	bhashya	0	0	0	0
1.3.69	bhashya	0	0	0	0
1.3.70	bhashya	0	0	0	0
1.3.71	bhashya	0	0	0	0
1.3.72	bhashya	148	56	8	8
1.3.73	bhashya	0	0	0	0
1.3.74	bhashya	0	0	0	0
1.3.75	bhashya	0	0	0	0
1.3.76	bhashya	0	0	0	0
1.3.77	bhashya	0	0	0	0
1.3.78	bhashya	89	32	4	4
1.3.79	bhashya	102	53	10	10
1.3.80	bhashya	0	0	0	0
1.3.81	bhashya	0	0	0	0
1.3.82	bhashya	0	0	0	0
1.3.83	bhashya	0	0	0	0
1.3.84	bhashya	0	0	0	0
1.3.85	bhashya	0	0	0	0
1.3.86	bhashya	13	4	0	0
1.3.87	vartika	2	1	0	0
1.3.87	bhashya	0	0	0	0
1.3.88	bhashya	79	32	4	4
1.3.89	bhashya	11	4	0	0
1.3.89	vartika	3	1	0	0
1.3.90	bhashya	0	0	0	0
1.3.91	bhashya	0	0	0	0
1.3.92	bhashya	0	0	0	0
1.3.93	bhashya	32	14	1	1
1.4.1	bhashya	1059	502	116	116
1.4.2	bhashya	1053	507	22	22
1.4.3	bhashya	597	226	27	27
1.4.3	vartika	1	1	0	0
1.4.4	bhashya	0	0	0	0
1.4.5	bhashya	0	0	0	0
1.4.6	bhashya	0	0	0	0
1.4.7	bhashya	0	0	0	0
1.4.8	bhashya	0	0	0	0
1.4.9	bhashya	81	42	6	6
1.4.10	bhashya	0	0	0	0
1.4.11	bhashya	0	0	0	0
1.4.12	bhashya	0	0	0	0
1.4.13	bhashya	465	194	37	37
1.4.14	bhashya	71	39	8	8
1.4.15	bhashya	18	4	0	0
1.4.16	bhashya	0	0	0	0
1.4.17	bhashya	105	38	6	5
1.4.18	bhashya	52	32	1	1
1.4.18	vartika	1	3	0	0
1.4.19	bhashya	48	17	1	1
1.4.20	bhashya	8	4	0	0
1.4.20	vartika	2	2	0	0
1.4.21	bhashya	384	126	23	22
1.4.22	bhashya	0	0	0	0
1.4.23	bhashya	599	236	29	28
1.4.24	bhashya	196	80	7	7
1.4.24	vartika	1	1	0	0
1.4.25	bhashya	62	20	1	1
1.4.26	bhashya	26	7	0	0
1.4.27	bhashya	118	35	3	3
1.4.28	bhashya	26	8	1	1
1.4.29	bhashya	98	40	2	2
1.4.30	bhashya	25	10	1	1
1.4.31	bhashya	19	8	2	2
1.4.32	bhashya	175	64	7	7
1.4.32	vartika	5	5	3	3
1.4.33	bhashya	0	0	0	0
1.4.34	bhashya	0	0	0	0
1.4.35	bhashya	0	0	0	0
1.4.36	bhashya	0	0	0	0
1.4.37	bhashya	36	13	2	2
1.4.38	bhashya	0	0	0	0
1.4.39	bhashya	0	0	0	0
1.4.40	bhashya	0	0	0	0
1.4.41	bhashya	0	0	0	0
1.4.42	bhashya	129	46	6	6
1.4.43	bhashya	0	0	0	0
1.4.44	bhashya	0	0	0	0
1.4.45	bhashya	0	0	0	0
1.4.46	bhashya	0	0	0	0
1.4.47	bhashya	0	0	0	0
1.4.48	bhashya	21	9	0	0
1.4.48	vartika	2	2	0	0
1.4.49	bhashya	184	77	6	6
1.4.50	bhashya	72	35	2	2
1.4.51	bhashya	444	129	18	18
1.4.51	vartika	9	2	0	0
1.4.52	bhashya	229	93	8	7
1.4.52	vartika	1	7	0	0
1.4.53	bhashya	36	13	0	0
1.4.53	vartika	3	1	0	0
1.4.54	bhashya	115	45	3	3
1.4.55	bhashya	57	39	3	3
1.4.56	bhashya	118	55	5	5
1.4.57	bhashya	61	27	7	7
1.4.58	bhashya	58	23	10	10
1.4.58	vartika	1	2	0	0
1.4.59	bhashya	59	24	11	11
1.4.60	bhashya	192	68	10	10
1.4.60	vartika	3	2	0	0
1.4.61	bhashya	25	9	1	1
1.4.62	bhashya	94	46	3	3
1.4.63	bhashya	43	15	0	0
1.4.64	bhashya	0	0	0	0
1.4.65	bhashya	14	9	0	0
1.4.65	vartika	2	1	0	0
1.4.66	bhashya	0	0	0	0
1.4.67	bhashya	0	0	0	0
1.4.68	bhashya	0	0	0	0
1.4.69	bhashya	0	0	0	0
1.4.70	bhashya	0	0	0	0
1.4.71	bhashya	0	0	0	0
1.4.72	bhashya	0	0	0	0
1.4.73	bhashya	0	0	0	0
1.4.74	bhashya	77	33	3	3
1.4.74	vartika	3	1	0	0
1.4.75	bhashya	0	0	0	0
1.4.76	bhashya	0	0	0	0
1.4.77	bhashya	0	0	0	0
1.4.78	bhashya	0	0	0	0
1.4.79	bhashya	0	0	0	0
1.4.80	bhashya	179	70	10	10
1.4.81	bhashya	0	0	0	0
1.4.82	bhashya	0	0	0	0
1.4.83	bhashya	28	9	0	0
1.4.84	bhashya	171	55	5	5
1.4.85	bhashya	0	0	0	0
1.4.86	bhashya	0	0	0	0
1.4.87	bhashya	0	0	0	0
1.4.88	bhashya	0	0	0	0
1.4.89	bhashya	23	10	0	0
1.4.89	vartika	2	2	0	0
1.4.90	bhashya	38	17	1	1
1.4.91	bhashya	0	0	0	0
1.4.92	bhashya	0	0	0	0
1.4.93	bhashya	90	34	2	2
1.4.94	bhashya	0	0	0	0
1.4.95	bhashya	0	0	0	0
1.4.96	bhashya	15	9	0	0
1.4.97	bhashya	0	0	0	0
1.4.98	bhashya	0	0	0	0
1.4.99	bhashya	54	24	13	13
1.4.100	bhashya	0	0	0	0
1.4.101	bhashya	131	75	7	7
1.4.102	bhashya	0	0	0	0
1.4.103	bhashya	0	0	0	0
1.4.104	bhashya	73	28	2	2
1.4.105	bhashya	535	209	24	24
1.4.106	bhashya	0	0	0	0
1.4.107	bhashya	532	207	23	23
1.4.108	bhashya	533	206	23	23
1.4.109	bhashya	249	108	9	9
1.4.110	bhashya	279	90	11	11
2.1.1	bhashya	3159	1368	128	125
2.1.2	bhashya	280	159	11	11
2.1.2	vartika	2	9	0	0
2.1.3	bhashya	165	86	11	11
2.1.4	bhashya	147	63	11	11
2.1.4	vartika	3	1	0	0
2.1.5	bhashya	18	13	0	0
2.1.6	bhashya	55	25	2	2
2.1.7	bhashya	62	26	4	4
2.1.8	bhashya	0	0	0	0
2.1.9	bhashya	22	9	2	2
2.1.10	bhashya	58	30	3	3
2.1.11	bhashya	62	30	3	3
2.1.12	bhashya	65	32	3	3
2.1.13	bhashya	18	9	0	0
2.1.14	bhashya	0	0	0	0
2.1.15	bhashya	0	0	0	0
2.1.16	bhashya	57	20	0	0
2.1.17	bhashya	43	29	3	3
2.1.18	bhashya	122	55	9	9
2.1.19	bhashya	0	0	0	0
2.1.20	bhashya	119	72	11	11
2.1.21	bhashya	0	0	0	0
2.1.22	bhashya	0	0	0	0
2.1.23	bhashya	22	15	2	2
2.1.24	bhashya	215	100	10	10
2.1.24	vartika	1	1	0	0
2.1.25	bhashya	0	0	0	0
2.1.26	bhashya	28	14	1	1
2.1.27	bhashya	0	0	0	0
2.1.28	bhashya	0	0	0	0
2.1.29	bhashya	42	31	1	1
2.1.30	bhashya	198	85	10	10
2.1.31	bhashya	21	19	3	3
2.1.31	vartika	1	1	0	0
2.1.32	bhashya	35	18	1	1
2.1.33	bhashya	39	22	1	1
2.1.34	bhashya	2	1	0	0
2.1.35	bhashya	212	113	11	11
2.1.36	bhashya	485	226	31	31
2.1.36	vartika	5	3	1	1
2.1.37	bhashya	34	20	1	1
2.1.37	vartika	2	4	0	0
2.1.38	bhashya	0	0	0	0
2.1.39	bhashya	0	0	0	0
2.1.40	bhashya	26	17	1	1
2.1.41	bhashya	0	0	0	0
2.1.42	bhashya	38	15	2	2
2.1.43	bhashya	47	20	3	3
2.1.44	bhashya	0	0	0	0
2.1.45	bhashya	0	0	0	0
2.1.46	bhashya	0	0	0	0
2.1.47	bhashya	52	21	2	2
2.1.48	bhashya	17	9	2	2
2.1.49	bhashya	67	41	6	6
2.1.50	bhashya	0	0	0	0
2.1.51	bhashya	636	307	21	20
2.1.51	vartika	6	5	1	1
2.1.52	bhashya	124	63	9	9
2.1.53	bhashya	22	15	1	1
2.1.54	bhashya	0	0	0	0
2.1.55	bhashya	330	162	15	15
2.1.56	bhashya	73	24	2	2
2.1.57	bhashya	149	72	10	10
2.1.58	bhashya	76	30	2	2
2.1.59	bhashya	53	28	1	1
2.1.59	vartika	2	2	0	0
2.1.60	bhashya	184	100	9	9
2.1.60	vartika	3	2	0	0
2.1.61	bhashya	0	0	0	0
2.1.62	bhashya	0	0	0	0
2.1.63	bhashya	0	0	0	0
2.1.64	bhashya	0	0	0	0
2.1.65	bhashya	0	0	0	0
2.1.66	bhashya	0	0	0	0
2.1.67	bhashya	37	16	3	3
2.1.68	bhashya	0	0	0	0
2.1.69	bhashya	810	428	32	31
2.1.70	bhashya	0	0	0	0
2.1.71	bhashya	17	11	1	1
2.1.71	vartika	2	2	0	0
2.1.72	bhashya	0	0	0	0
2.2.1	bhashya	0	0	0	0
2.2.2	bhashya	76	39	2	2
2.2.3	bhashya	242	120	16	16
2.2.4	bhashya	69	32	2	2
2.2.5	bhashya	217	90	8	8
2.2.6	bhashya	513	222	19	19
2.2.7	bhashya	22	12	3	3
2.2.7	vartika	2	2	0	0
2.2.8	bhashya	126	54	2	2
2.2.8	vartika	5	1	0	0
2.2.9	bhashya	0	0	0	0
2.2.10	bhashya	20	8	0	0
2.2.10	vartika	5	2	0	0
2.2.11	bhashya	207	105	1	1
2.2.12	bhashya	0	0	0	0
2.2.13	bhashya	0	0	0	0
2.2.14	bhashya	154	63	4	4
2.2.15	bhashya	0	0	0	0
2.2.16	bhashya	0	0	0	0
2.2.17	bhashya	20	10	2	2
2.2.18	bhashya	241	128	4	4
2.2.18	vartika	3	11	1	1
2.2.19	bhashya	232	105	15	15
2.2.20	bhashya	66	33	2	2
2.2.21	bhashya	0	0	0	0
2.2.22	bhashya	0	0	0	0
2.2.23	bhashya	69	30	1	1
2.2.24	bhashya	1368	630	52	52
2.2.24	vartika	5	4	0	0
2.2.25	bhashya	277	93	8	8
2.2.26	bhashya	164	75	8	8
2.2.27	bhashya	73	32	1	1
2.2.28	bhashya	164	75	8	8
2.2.28	vartika	4	3	0	0
2.2.29	bhashya	906	410	54	54
2.2.30	bhashya	83	41	12	12
2.2.31	bhashya	0	0	0	0
2.2.32	bhashya	0	0	0	0
2.2.33	bhashya	0	0	0	0
2.2.34	bhashya	219	115	12	12
2.2.34	vartika	1	9	0	0
2.2.35	bhashya	56	36	3	3
2.2.35	vartika	3	2	0	0
2.2.36	bhashya	144	87	11	11
2.2.36	vartika	3	4	1	1
2.2.37	bhashya	0	0	0	0
2.2.38	bhashya	37	18	1	1
2.3.1	bhashya	881	329	25	25
2.3.1	vartika	2	2	0	0
2.3.2	bhashya	103	31	3	3
2.3.2	vartika	2	5	0	0
2.3.3	bhashya	94	38	2	2
2.3.4	bhashya	83	38	4	4
2.3.5	bhashya	154	57	4	4
2.3.6	bhashya	19	7	0	0
2.3.7	bhashya	53	24	7	7
2.3.8	bhashya	92	49	0	0
2.3.9	bhashya	227	112	7	7
2.3.10	bhashya	0	0	0	0
2.3.11	bhashya	0	0	0	0
2.3.12	bhashya	110	52	3	3
2.3.13	bhashya	171	82	5	5
2.3.13	vartika	1	2	0	0
2.3.14	bhashya	0	0	0	0
2.3.15	bhashya	0	0	0	0
2.3.16	bhashya	71	30	5	5
2.3.16	vartika	2	1	0	0
2.3.17	bhashya	90	32	1	1
2.3.17	vartika	3	2	0	0
2.3.18	bhashya	114	62	12	12
2.3.18	vartika	2	2	0	0
2.3.19	bhashya	132	45	3	3
2.3.20	bhashya	44	23	5	5
2.3.21	bhashya	52	30	2	2
2.3.22	bhashya	97	47	6	6
2.3.23	bhashya	60	17	3	3
2.3.23	vartika	3	2	0	0
2.3.24	bhashya	0	0	0	0
2.3.25	bhashya	0	0	0	0
2.3.26	bhashya	0	0	0	0
2.3.27	bhashya	0	0	0	0
2.3.28	bhashya	174	85	10	10
2.3.28	vartika	7	6	0	0
2.3.29	bhashya	15	9	1	1
2.3.30	bhashya	43	24	4	4
2.3.31	bhashya	0	0	0	0
2.3.32	bhashya	142	73	4	4
2.3.33	bhashya	0	0	0	0
2.3.34	bhashya	0	0	0	0
2.3.35	bhashya	39	21	3	3
2.3.36	bhashya	87	47	3	3
2.3.36	vartika	1	7	0	0
2.3.37	bhashya	102	46	12	12
2.3.38	bhashya	0	0	0	0
2.3.39	bhashya	0	0	0	0
2.3.40	bhashya	0	0	0	0
2.3.41	bhashya	0	0	0	0
2.3.42	bhashya	43	22	2	2
2.3.43	bhashya	19	9	1	1
2.3.43	vartika	2	2	0	0
2.3.44	bhashya	24	9	1	1
2.3.45	bhashya	24	9	1	1
2.3.46	bhashya	406	177	17	17
2.3.47	bhashya	0	0	0	0
2.3.48	bhashya	0	0	0	0
2.3.49	bhashya	0	0	0	0
2.3.50	bhashya	351	131	17	17
2.3.51	bhashya	0	0	0	0
2.3.52	bhashya	112	43	3	3
2.3.53	bhashya	0	0	0	0
2.3.54	bhashya	36	15	1	1
2.3.54	vartika	2	2	0	0
2.3.55	bhashya	0	0	0	0
2.3.56	bhashya	0	0	0	0
2.3.57	bhashya	0	0	0	0
2.3.58	bhashya	0	0	0	0
2.3.59	bhashya	0	0	0	0
2.3.60	bhashya	24	13	0	0
2.3.61	bhashya	18	10	2	2
2.3.61	vartika	2	1	0	0
2.3.62	bhashya	89	21	1	1
2.3.62	vartika	2	1	0	0
2.3.63	bhashya	0	0	0	0
2.3.64	bhashya	0	0	0	0
2.3.65	bhashya	259	117	12	11
2.3.65	vartika	2	1	1	1
2.3.66	bhashya	59	26	1	1
2.3.66	vartika	2	1	0	0
2.3.67	bhashya	92	25	3	3
2.3.68	bhashya	0	0	0	0
2.3.69	bhashya	193	94	4	4
2.3.69	vartika	1	5	0	0
2.3.70	bhashya	33	10	0	0
2.3.71	bhashya	113	51	0	0
2.3.72	bhashya	0	0	0	0
2.3.73	bhashya	0	0	0	0
2.4.1	bhashya	180	103	8	8
2.4.2	bhashya	50	37	0	0
2.4.3	bhashya	32	20	0	0
2.4.3	vartika	2	2	0	0
2.4.4	bhashya	0	0	0	0
2.4.5	bhashya	0	0	0	0
2.4.6	bhashya	0	0	0	0
2.4.7	bhashya	32	14	0	0
2.4.8	bhashya	54	29	1	1
2.4.9	bhashya	32	13	2	2
2.4.10	bhashya	72	38	0	0
2.4.11	bhashya	16	13	0	0
2.4.12	bhashya	243	133	9	8
2.4.12	vartika	2	2	1	1
2.4.13	bhashya	0	0	0	0
2.4.14	bhashya	0	0	0	0
2.4.15	bhashya	0	0	0	0
2.4.16	bhashya	40	20	0	0
2.4.17	bhashya	0	0	0	0
2.4.17	vartika	2	0	0	0
2.4.18	vartika	3	5	0	0
2.4.18	bhashya	0	0	0	0
2.4.19	bhashya	130	66	11	11
2.4.20	bhashya	0	0	0	0
2.4.21	bhashya	0	0	0	0
2.4.22	bhashya	0	0	0	0
2.4.23	bhashya	0	0	0	0
2.4.24	bhashya	0	0	0	0
2.4.25	bhashya	0	0	0	0
2.4.26	bhashya	238	145	8	8
2.4.26	vartika	3	2	0	0
2.4.27	bhashya	0	0	0	0
2.4.28	bhashya	0	0	0	0
2.4.29	bhashya	18	7	0	0
2.4.29	vartika	3	2	1	1
2.4.30	bhashya	81	43	0	0
2.4.30	vartika	3	15	0	0
2.4.31	bhashya	29	18	0	0
2.4.32	bhashya	175	90	6	6
2.4.33	bhashya	60	31	3	3
2.4.34	bhashya	111	56	2	2
2.4.34	vartika	3	2	1	1
2.4.35	bhashya	177	91	5	5
2.4.36	bhashya	83	33	3	3
2.4.37	bhashya	12	9	1	1
2.4.37	vartika	3	1	0	0
2.4.38	bhashya	0	0	0	0
2.4.39	bhashya	0	0	0	0
2.4.40	bhashya	0	0	0	0
2.4.41	bhashya	0	0	0	0
2.4.42	bhashya	29	15	1	1
2.4.43	bhashya	27	15	1	1
2.4.44	bhashya	0	0	0	0
2.4.45	bhashya	18	5	1	1
2.4.45	vartika	3	1	0	0
2.4.46	bhashya	9	4	0	0
2.4.47	bhashya	7	3	0	0
2.4.48	bhashya	0	0	0	0
2.4.49	bhashya	139	57	7	7
2.4.50	bhashya	0	0	0	0
2.4.51	bhashya	0	0	0	0
2.4.52	bhashya	0	0	0	0
2.4.53	bhashya	0	0	0	0
2.4.54	bhashya	139	51	2	2
2.4.54	vartika	1	1	0	0
2.4.55	bhashya	0	0	0	0
2.4.56	bhashya	161	55	5	5
2.4.56	vartika	2	3	0	0
2.4.57	bhashya	0	0	0	0
2.4.58	bhashya	61	36	1	1
2.4.59	bhashya	0	0	0	0
2.4.60	bhashya	0	0	0	0
2.4.61	bhashya	0	0	0	0
2.4.62	bhashya	619	276	29	28
2.4.63	bhashya	0	0	0	0
2.4.64	bhashya	55	24	4	4
2.4.64	vartika	5	4	1	1
2.4.65	bhashya	0	0	0	0
2.4.66	bhashya	69	32	1	1
2.4.67	bhashya	14	8	0	0
2.4.68	bhashya	0	0	0	0
2.4.69	bhashya	37	26	0	0
2.4.70	bhashya	95	59	4	4
2.4.71	bhashya	0	0	0	0
2.4.72	bhashya	0	0	0	0
2.4.73	bhashya	0	0	0	0
2.4.74	bhashya	33	9	0	0
2.4.75	bhashya	0	0	0	0
2.4.76	bhashya	0	0	0	0
2.4.77	bhashya	45	27	3	3
2.4.77	vartika	2	2	0	0
2.4.78	bhashya	0	0	0	0
2.4.79	bhashya	70	35	4	4
2.4.80	bhashya	0	0	0	0
2.4.81	bhashya	235	111	15	15
2.4.82	bhashya	87	40	5	5
2.4.83	bhashya	110	55	0	0
2.4.84	bhashya	21	13	2	2
2.4.85	bhashya	533	258	27	27
3.1.1	bhashya	408	186	19	19
3.1.2	bhashya	338	144	11	11
3.1.3	bhashya	681	362	21	20
3.1.4	bhashya	0	0	0	0
3.1.5	bhashya	103	43	1	1
3.1.6	bhashya	121	71	1	1
3.1.7	bhashya	723	333	21	21
3.1.7	vartika	7	5	0	0
3.1.8	bhashya	875	368	32	32
3.1.8	vartika	2	1	0	0
3.1.9	bhashya	136	54	2	2
3.1.10	bhashya	16	10	1	1
3.1.10	vartika	2	2	0	0
3.1.11	bhashya	172	65	0	0
3.1.11	vartika	3	2	0	0
3.1.12	bhashya	359	179	9	9
3.1.13	bhashya	219	104	3	3
3.1.13	vartika	1	1	0	0
3.1.14	bhashya	88	36	1	1
3.1.14	vartika	3	3	0	0
3.1.15	bhashya	64	28	2	2
3.1.15	vartika	2	2	1	1
3.1.16	bhashya	10	5	0	0
3.1.16	vartika	2	2	0	0
3.1.17	bhashya	40	20	0	0
3.1.17	vartika	1	1	0	0
3.1.18	bhashya	43	22	0	0
3.1.19	bhashya	247	95	8	8
3.1.19	vartika	2	2	0	0
3.1.20	vartika	3	3	0	0
3.1.20	bhashya	0	0	0	0
3.1.21	bhashya	118	48	2	2
3.1.21	vartika	2	2	0	0
3.1.22	bhashya	320	147	10	9
3.1.22	vartika	2	2	1	1
3.1.23	bhashya	37	20	1	1
3.1.24	bhashya	0	0	0	0
3.1.25	bhashya	107	60	2	2
3.1.25	vartika	1	1	0	0
3.1.26	bhashya	1153	532	31	30
3.1.26	vartika	1	6	0	0
3.1.27	bhashya	235	104	7	7
3.1.28	bhashya	0	0	0	0
3.1.29	bhashya	0	0	0	0
3.1.30	bhashya	322	173	7	7
3.1.31	bhashya	305	139	7	7
3.1.32	bhashya	138	71	9	9
3.1.33	bhashya	183	84	10	10
3.1.34	bhashya	136	58	0	0
3.1.34	vartika	3	2	0	0
3.1.35	bhashya	72	45	4	4
3.1.35	vartika	2	2	0	0
3.1.36	bhashya	333	154	11	9
3.1.37	bhashya	0	0	0	0
3.1.38	bhashya	36	18	0	0
3.1.39	bhashya	13	10	0	0
3.1.40	bhashya	281	131	22	22
3.1.41	bhashya	0	0	0	0
3.1.42	bhashya	0	0	0	0
3.1.43	bhashya	381	175	12	12
3.1.44	bhashya	389	154	15	15
3.1.44	vartika	4	1	0	0
3.1.45	bhashya	120	48	6	6
3.1.46	bhashya	190	69	5	5
3.1.47	bhashya	0	0	0	0
3.1.48	bhashya	98	48	6	6
3.1.48	vartika	2	1	0	0
3.1.49	bhashya	0	0	0	0
3.1.50	bhashya	0	0	0	0
3.1.51	bhashya	0	0	0	0
3.1.52	bhashya	39	27	3	3
3.1.53	bhashya	0	0	0	0
3.1.54	bhashya	0	0	0	0
3.1.55	bhashya	0	0	0	0
3.1.56	bhashya	0	0	0	0
3.1.57	bhashya	0	0	0	0
3.1.58	bhashya	33	22	0	0
3.1.59	bhashya	0	0	0	0
3.1.60	bhashya	22	10	1	1
3.1.61	bhashya	0	0	0	0
3.1.62	bhashya	0	0	0	0
3.1.63	bhashya	0	0	0	0
3.1.64	bhashya	0	0	0	0
3.1.65	bhashya	0	0	0	0
3.1.66	bhashya	26	10	2	2
3.1.67	bhashya	792	312	33	31
3.1.68	bhashya	0	0	0	0
3.1.69	bhashya	0	0	0	0
3.1.70	bhashya	0	0	0	0
3.1.71	bhashya	23	15	2	2
3.1.72	bhashya	0	0	0	0
3.1.73	bhashya	0	0	0	0
3.1.74	bhashya	0	0	0	0
3.1.75	bhashya	0	0	0	0
3.1.76	bhashya	0	0	0	0
3.1.77	bhashya	0	0	0	0
3.1.78	bhashya	239	113	7	7
3.1.79	bhashya	89	34	2	2
3.1.80	bhashya	106	60	3	3
3.1.81	bhashya	0	0	0	0
3.1.82	bhashya	0	0	0	0
3.1.83	bhashya	223	100	8	8
3.1.84	bhashya	26	10	0	0
3.1.85	bhashya	97	51	1	1
3.1.86	bhashya	83	34	1	1
3.1.86	vartika	1	1	0	0
3.1.87	bhashya	820	357	21	21
3.1.87	vartika	2	9	0	0
3.1.88	bhashya	0	0	0	0
3.1.89	bhashya	44	14	0	0
3.1.89	vartika	3	5	0	0
3.1.90	bhashya	252	89	11	11
3.1.91	bhashya	556	283	35	34
3.1.92	bhashya	288	140	20	20
3.1.93	bhashya	144	78	5	5
3.1.94	bhashya	640	268	21	18
3.1.95	bhashya	31	17	0	0
3.1.96	bhashya	30	15	1	1
3.1.96	vartika	2	2	0	0
3.1.97	bhashya	150	59	0	0
3.1.97	vartika	4	2	1	0
3.1.98	bhashya	0	0	0	0
3.1.99	bhashya	0	0	0	0
3.1.100	bhashya	16	9	0	0
3.1.100	vartika	2	0	0	0
3.1.101	bhashya	0	0	0	0
3.1.102	bhashya	0	0	0	0
3.1.103	bhashya	12	7	1	1
3.1.104	bhashya	0	0	0	0
3.1.105	bhashya	80	38	1	1
3.1.106	bhashya	42	16	0	0
3.1.107	bhashya	49	19	3	3
3.1.108	bhashya	34	16	0	0
3.1.109	bhashya	92	48	2	2
3.1.109	vartika	2	3	0	0
3.1.110	bhashya	0	0	0	0
3.1.111	bhashya	33	17	1	1
3.1.112	bhashya	168	77	12	12
3.1.112	vartika	2	0	0	0
3.1.113	bhashya	0	0	0	0
3.1.114	bhashya	56	24	4	4
3.1.115	bhashya	0	0	0	0
3.1.116	bhashya	0	0	0	0
3.1.117	bhashya	0	0	0	0
3.1.118	bhashya	22	12	2	2
3.1.118	vartika	2	1	0	0
3.1.119	bhashya	0	0	0	0
3.1.120	bhashya	0	0	0	0
3.1.121	bhashya	0	0	0	0
3.1.122	bhashya	46	25	0	0
3.1.123	bhashya	92	41	3	3
3.1.123	vartika	3	1	0	0
3.1.124	bhashya	25	17	0	0
3.1.124	vartika	3	4	0	0
3.1.125	bhashya	96	43	0	0
3.1.126	bhashya	0	0	0	0
3.1.127	bhashya	27	9	1	1
3.1.128	bhashya	0	0	0	0
3.1.129	bhashya	14	10	0	0
3.1.130	bhashya	13	7	1	1
3.1.131	bhashya	68	30	1	1
3.1.132	bhashya	12	8	0	0
3.1.133	bhashya	137	69	5	5
3.1.134	bhashya	38	18	0	0
3.1.134	vartika	8	4	0	0
3.1.135	bhashya	53	19	0	0
3.1.136	bhashya	0	0	0	0
3.1.137	bhashya	35	21	2	2
3.1.137	vartika	2	1	1	1
3.1.138	bhashya	34	20	0	0
3.1.138	vartika	3	1	0	0
3.1.139	bhashya	0	0	0	0
3.1.140	bhashya	12	8	0	0
3.1.140	vartika	2	1	0	0
3.1.141	bhashya	0	0	0	0
3.1.142	bhashya	0	0	0	0
3.1.143	bhashya	0	0	0	0
3.1.144	bhashya	0	0	0	0
3.1.145	bhashya	16	5	0	0
3.1.145	vartika	3	2	0	0
3.1.146	bhashya	0	0	0	0
3.1.147	bhashya	0	0	0	0
3.1.148	bhashya	0	0	0	0
3.1.149	bhashya	29	9	2	2
3.1.149	vartika	1	1	0	0
3.1.150	bhashya	0	0	0	0
3.2.1	bhashya	361	167	11	11
3.2.1	vartika	3	3	0	0
3.2.2	bhashya	0	0	0	0
3.2.3	bhashya	310	161	4	4
3.2.3	vartika	4	1	0	0
3.2.4	bhashya	94	28	0	0
3.2.5	bhashya	44	25	0	0
3.2.5	vartika	3	4	0	0
3.2.6	bhashya	0	0	0	0
3.2.7	bhashya	0	0	0	0
3.2.8	bhashya	53	16	1	1
3.2.8	vartika	2	2	0	0
3.2.9	bhashya	54	24	2	2
3.2.9	vartika	3	2	0	0
3.2.10	bhashya	0	0	0	0
3.2.11	bhashya	0	0	0	0
3.2.12	bhashya	0	0	0	0
3.2.13	bhashya	17	11	0	0
3.2.13	vartika	2	2	0	0
3.2.14	bhashya	59	24	6	6
3.2.14	vartika	6	4	2	2
3.2.15	bhashya	54	26	0	0
3.2.15	vartika	2	5	0	0
3.2.16	bhashya	0	0	0	0
3.2.17	bhashya	35	13	2	2
3.2.18	bhashya	0	0	0	0
3.2.19	bhashya	0	0	0	0
3.2.20	bhashya	0	0	0	0
3.2.21	bhashya	16	9	2	2
3.2.21	vartika	3	2	1	1
3.2.22	bhashya	0	0	0	0
3.2.23	bhashya	0	0	0	0
3.2.24	bhashya	11	10	0	0
3.2.24	vartika	2	2	0	0
3.2.25	bhashya	0	0	0	0
3.2.26	bhashya	26	17	0	0
3.2.27	bhashya	0	0	0	0
3.2.28	bhashya	28	10	0	0
3.2.28	vartika	2	2	0	0
3.2.29	bhashya	53	27	4	4
3.2.29	vartika	1	2	1	1
3.2.30	bhashya	51	26	4	4
3.2.31	bhashya	0	0	0	0
3.2.32	bhashya	0	0	0	0
3.2.33	bhashya	0	0	0	0
3.2.34	bhashya	0	0	0	0
3.2.35	bhashya	0	0	0	0
3.2.36	bhashya	0	0	0	0
3.2.37	bhashya	0	0	0	0
3.2.38	vartika	4	2	0	0
3.2.38	bhashya	0	0	0	0
3.2.39	bhashya	0	0	0	0
3.2.40	bhashya	0	0	0	0
3.2.41	bhashya	0	0	0	0
3.2.41	vartika	3	0	0	0
3.2.42	bhashya	0	0	0	0
3.2.43	bhashya	0	0	0	0
3.2.44	bhashya	0	0	0	0
3.2.45	bhashya	0	0	0	0
3.2.46	bhashya	0	0	0	0
3.2.47	bhashya	0	0	0	0
3.2.48	bhashya	60	22	0	0
3.2.48	vartika	4	4	0	0
3.2.49	bhashya	27	16	0	0
3.2.49	vartika	2	2	0	0
3.2.50	bhashya	0	0	0	0
3.2.51	bhashya	0	0	0	0
3.2.52	bhashya	81	31	1	1
3.2.53	bhashya	35	16	0	0
3.2.54	bhashya	0	0	0	0
3.2.55	bhashya	12	7	0	0
3.2.55	vartika	2	1	0	0
3.2.56	bhashya	139	58	6	6
3.2.57	bhashya	91	36	0	0
3.2.58	bhashya	0	0	0	0
3.2.59	bhashya	12	9	0	0
3.2.60	bhashya	76	31	1	1
3.2.60	vartika	3	4	1	1
3.2.61	bhashya	41	19	0	0
3.2.62	bhashya	0	0	0	0
3.2.63	bhashya	0	0	0	0
3.2.64	bhashya	0	0	0	0
3.2.65	bhashya	0	0	0	0
3.2.66	bhashya	0	0	0	0
3.2.67	bhashya	0	0	0	0
3.2.68	bhashya	40	17	1	1
3.2.69	bhashya	36	16	1	1
3.2.70	bhashya	0	0	0	0
3.2.71	bhashya	93	36	1	1
3.2.71	vartika	3	3	0	0
3.2.72	bhashya	0	0	0	0
3.2.73	bhashya	0	0	0	0
3.2.74	bhashya	0	0	0	0
3.2.75	bhashya	0	0	0	0
3.2.76	bhashya	0	0	0	0
3.2.77	bhashya	49	18	5	5
3.2.78	bhashya	41	18	0	0
3.2.78	vartika	2	1	0	0
3.2.79	bhashya	0	0	0	0
3.2.80	bhashya	78	35	0	0
3.2.81	bhashya	0	0	0	0
3.2.82	bhashya	0	0	0	0
3.2.83	bhashya	159	62	6	6
3.2.84	bhashya	190	82	4	4
3.2.85	bhashya	0	0	0	0
3.2.86	bhashya	0	0	0	0
3.2.87	bhashya	69	34	8	8
3.2.88	bhashya	0	0	0	0
3.2.89	bhashya	0	0	0	0
3.2.90	bhashya	0	0	0	0
3.2.91	bhashya	0	0	0	0
3.2.92	bhashya	0	0	0	0
3.2.93	bhashya	16	4	0	0
3.2.93	vartika	2	2	0	0
3.2.94	bhashya	0	0	0	0
3.2.95	bhashya	0	0	0	0
3.2.96	bhashya	0	0	0	0
3.2.97	bhashya	0	0	0	0
3.2.98	bhashya	0	0	0	0
3.2.99	bhashya	0	0	0	0
3.2.100	bhashya	0	0	0	0
3.2.101	bhashya	18	7	0	0
3.2.101	vartika	3	1	0	0
3.2.102	bhashya	283	98	4	4
3.2.102	vartika	3	1	0	0
3.2.103	bhashya	0	0	0	0
3.2.104	bhashya	0	0	0	0
3.2.105	bhashya	0	0	0	0
3.2.106	bhashya	128	59	5	5
3.2.107	bhashya	127	59	5	5
3.2.108	bhashya	134	49	4	4
3.2.109	bhashya	231	109	1	1
3.2.110	bhashya	143	63	2	2
3.2.111	bhashya	77	39	0	0
3.2.112	bhashya	0	0	0	0
3.2.113	bhashya	0	0	0	0
3.2.114	bhashya	70	38	0	0
3.2.115	bhashya	282	121	11	11
3.2.115	vartika	2	2	0	0
3.2.116	bhashya	0	0	0	0
3.2.117	bhashya	0	0	0	0
3.2.118	bhashya	147	62	8	8
3.2.119	bhashya	0	0	0	0
3.2.120	bhashya	54	13	1	1
3.2.121	bhashya	0	0	0	0
3.2.122	bhashya	73	32	0	0
3.2.123	bhashya	273	90	3	3
3.2.124	bhashya	492	227	18	18
3.2.125	bhashya	0	0	0	0
3.2.126	bhashya	158	70	6	6
3.2.127	bhashya	313	135	9	9
3.2.128	bhashya	0	0	0	0
3.2.129	bhashya	0	0	0	0
3.2.130	bhashya	0	0	0	0
3.2.131	bhashya	0	0	0	0
3.2.132	bhashya	0	0	0	0
3.2.133	bhashya	0	0	0	0
3.2.134	bhashya	0	0	0	0
3.2.135	bhashya	100	48	1	1
3.2.135	vartika	2	4	0	0
3.2.136	bhashya	0	0	0	0
3.2.137	bhashya	0	0	0	0
3.2.138	bhashya	0	0	0	0
3.2.139	bhashya	185	86	1	1
3.2.140	bhashya	0	0	0	0
3.2.141	bhashya	64	26	2	2
3.2.142	bhashya	0	0	0	0
3.2.143	bhashya	0	0	0	0
3.2.144	bhashya	0	0	0	0
3.2.145	bhashya	0	0	0	0
3.2.146	bhashya	88	36	2	2
3.2.147	bhashya	0	0	0	0
3.2.148	bhashya	0	0	0	0
3.2.149	bhashya	0	0	0	0
3.2.150	bhashya	89	43	4	4
3.2.151	bhashya	0	0	0	0
3.2.152	bhashya	0	0	0	0
3.2.153	bhashya	0	0	0	0
3.2.154	bhashya	0	0	0	0
3.2.155	bhashya	0	0	0	0
3.2.156	bhashya	0	0	0	0
3.2.157	bhashya	0	0	0	0
3.2.158	bhashya	49	20	0	0
3.2.159	bhashya	0	0	0	0
3.2.160	bhashya	0	0	0	0
3.2.161	bhashya	0	0	0	0
3.2.162	bhashya	0	0	0	0
3.2.163	bhashya	0	0	0	0
3.2.164	bhashya	0	0	0	0
3.2.165	bhashya	0	0	0	0
3.2.166	bhashya	0	0	0	0
3.2.167	bhashya	0	0	0	0
3.2.168	bhashya	0	0	0	0
3.2.169	bhashya	0	0	0	0
3.2.170	bhashya	0	0	0	0
3.2.171	bhashya	108	39	0	0
3.2.171	vartika	1	2	0	0
3.2.172	vartika	2	1	0	0
3.2.172	bhashya	0	0	0	0
3.2.173	bhashya	0	0	0	0
3.2.174	bhashya	13	6	0	0
3.2.174	vartika	2	1	0	0
3.2.175	bhashya	0	0	0	0
3.2.176	bhashya	0	0	0	0
3.2.177	bhashya	0	0	0	0
3.2.178	bhashya	188	87	4	4
3.2.178	vartika	2	6	0	0
3.2.179	bhashya	0	0	0	0
3.2.180	bhashya	46	24	0	0
3.2.180	vartika	3	3	0	0
3.2.181	bhashya	0	0	0	0
3.2.182	bhashya	0	0	0	0
3.2.183	bhashya	0	0	0	0
3.2.184	bhashya	0	0	0	0
3.2.185	bhashya	0	0	0	0
3.2.186	bhashya	0	0	0	0
3.2.187	bhashya	0	0	0	0
3.2.188	bhashya	34	16	0	0
3.3.1	bhashya	118	45	1	1
3.3.2	bhashya	0	0	0	0
3.3.3	bhashya	142	60	2	2
3.3.4	bhashya	40	23	1	1
3.3.5	bhashya	0	0	0	0
3.3.6	bhashya	0	0	0	0
3.3.7	bhashya	27	13	0	0
3.3.8	bhashya	0	0	0	0
3.3.9	bhashya	0	0	0	0
3.3.10	bhashya	187	77	10	10
3.3.11	bhashya	117	47	5	5
3.3.12	bhashya	110	62	7	7
3.3.13	bhashya	128	43	9	9
3.3.14	bhashya	21	13	1	1
3.3.15	bhashya	87	37	1	1
3.3.16	bhashya	17	5	0	0
3.3.16	vartika	2	0	0	0
3.3.17	bhashya	16	7	0	0
3.3.17	vartika	3	1	0	0
3.3.18	bhashya	142	53	4	4
3.3.19	bhashya	243	97	15	12
3.3.20	bhashya	242	109	8	8
3.3.20	vartika	3	0	0	0
3.3.21	bhashya	36	17	0	0
3.3.21	vartika	1	3	0	0
3.3.22	bhashya	0	0	0	0
3.3.23	bhashya	0	0	0	0
3.3.24	bhashya	0	0	0	0
3.3.25	bhashya	0	0	0	0
3.3.26	bhashya	0	0	0	0
3.3.27	bhashya	0	0	0	0
3.3.28	bhashya	0	0	0	0
3.3.29	bhashya	0	0	0	0
3.3.30	bhashya	0	0	0	0
3.3.31	bhashya	0	0	0	0
3.3.32	bhashya	0	0	0	0
3.3.33	bhashya	0	0	0	0
3.3.34	bhashya	0	0	0	0
3.3.35	bhashya	0	0	0	0
3.3.36	bhashya	50	24	1	1
3.3.37	bhashya	0	0	0	0
3.3.38	bhashya	31	10	0	0
3.3.39	bhashya	0	0	0	0
3.3.40	bhashya	0	0	0	0
3.3.41	bhashya	0	0	0	0
3.3.42	bhashya	0	0	0	0
3.3.43	bhashya	82	42	9	9
3.3.44	bhashya	48	20	6	6
3.3.45	bhashya	0	0	0	0
3.3.46	bhashya	0	0	0	0
3.3.47	bhashya	0	0	0	0
3.3.48	bhashya	0	0	0	0
3.3.49	bhashya	0	0	0	0
3.3.50	bhashya	0	0	0	0
3.3.51	bhashya	0	0	0	0
3.3.52	bhashya	0	0	0	0
3.3.53	bhashya	0	0	0	0
3.3.54	bhashya	0	0	0	0
3.3.55	bhashya	0	0	0	0
3.3.56	bhashya	58	25	0	0
3.3.56	vartika	3	2	0	0
3.3.57	bhashya	0	0	0	0
3.3.58	bhashya	146	57	4	4
3.3.58	vartika	2	1	0	0
3.3.59	bhashya	0	0	0	0
3.3.60	bhashya	0	0	0	0
3.3.61	bhashya	0	0	0	0
3.3.62	bhashya	0	0	0	0
3.3.63	bhashya	0	0	0	0
3.3.64	bhashya	0	0	0	0
3.3.65	bhashya	0	0	0	0
3.3.66	bhashya	0	0	0	0
3.3.67	bhashya	0	0	0	0
3.3.68	bhashya	0	0	0	0
3.3.69	bhashya	0	0	0	0
3.3.70	bhashya	0	0	0	0
3.3.71	bhashya	0	0	0	0
3.3.72	bhashya	0	0	0	0
3.3.73	bhashya	0	0	0	0
3.3.74	bhashya	0	0	0	0
3.3.75	bhashya	0	0	0	0
3.3.76	bhashya	0	0	0	0
3.3.77	bhashya	0	0	0	0
3.3.78	bhashya	0	0	0	0
3.3.79	bhashya	0	0	0	0
3.3.80	bhashya	0	0	0	0
3.3.81	bhashya	0	0	0	0
3.3.82	bhashya	0	0	0	0
3.3.83	bhashya	77	34	0	0
3.3.84	bhashya	0	0	0	0
3.3.85	bhashya	0	0	0	0
3.3.86	bhashya	0	0	0	0
3.3.87	bhashya	0	0	0	0
3.3.88	bhashya	0	0	0	0
3.3.89	bhashya	0	0	0	0
3.3.90	bhashya	56	23	2	2
3.3.91	bhashya	0	0	0	0
3.3.92	bhashya	0	0	0	0
3.3.93	bhashya	0	0	0	0
3.3.94	bhashya	62	28	4	4
3.3.94	vartika	1	4	1	1
3.3.95	bhashya	93	45	6	6
3.3.95	vartika	2	2	0	0
3.3.96	bhashya	0	0	0	0
3.3.97	bhashya	0	0	0	0
3.3.98	bhashya	12	5	0	0
3.3.99	bhashya	0	0	0	0
3.3.100	bhashya	19	5	0	0
3.3.101	bhashya	28	14	0	0
3.3.101	vartika	2	2	0	0
3.3.102	bhashya	0	0	0	0
3.3.103	vartika	4	2	1	1
3.3.103	bhashya	0	0	0	0
3.3.104	bhashya	47	24	0	0
3.3.104	vartika	2	1	0	0
3.3.105	bhashya	0	0	0	0
3.3.106	bhashya	0	0	0	0
3.3.107	bhashya	99	49	2	2
3.3.107	vartika	1	2	0	0
3.3.108	bhashya	90	46	2	2
3.3.108	vartika	2	9	1	1
3.3.109	bhashya	0	0	0	0
3.3.110	bhashya	0	0	0	0
3.3.111	bhashya	0	0	0	0
3.3.112	bhashya	0	0	0	0
3.3.113	bhashya	25	12	0	0
3.3.114	bhashya	0	0	0	0
3.3.115	bhashya	0	0	0	0
3.3.116	bhashya	0	0	0	0
3.3.117	bhashya	0	0	0	0
3.3.118	bhashya	0	0	0	0
3.3.119	bhashya	26	10	0	0
3.3.120	bhashya	0	0	0	0
3.3.121	bhashya	14	11	1	1
3.3.121	vartika	1	1	0	0
3.3.122	bhashya	0	0	0	0
3.3.123	bhashya	37	13	0	0
3.3.124	bhashya	0	0	0	0
3.3.125	bhashya	19	3	0	0
3.3.125	vartika	2	1	0	0
3.3.126	bhashya	78	39	4	4
3.3.127	bhashya	37	25	0	0
3.3.127	vartika	2	1	0	0
3.3.128	bhashya	0	0	0	0
3.3.129	bhashya	0	0	0	0
3.3.130	bhashya	30	17	0	0
3.3.130	vartika	3	2	0	0
3.3.131	bhashya	121	51	0	0
3.3.132	bhashya	131	55	1	1
3.3.133	bhashya	259	114	11	11
3.3.134	bhashya	0	0	0	0
3.3.135	bhashya	62	30	0	0
3.3.136	bhashya	102	47	1	1
3.3.137	bhashya	48	24	3	3
3.3.138	bhashya	11	7	2	2
3.3.139	bhashya	33	20	1	1
3.3.140	bhashya	14	7	0	0
3.3.141	bhashya	25	16	0	0
3.3.142	bhashya	55	14	0	0
3.3.143	bhashya	0	0	0	0
3.3.144	bhashya	0	0	0	0
3.3.145	bhashya	47	31	2	2
3.3.146	bhashya	0	0	0	0
3.3.147	bhashya	18	11	0	0
3.3.147	vartika	1	1	0	0
3.3.148	bhashya	0	0	0	0
3.3.149	bhashya	0	0	0	0
3.3.150	bhashya	0	0	0	0
3.3.151	bhashya	21	9	4	4
3.3.152	bhashya	0	0	0	0
3.3.153	bhashya	0	0	0	0
3.3.154	bhashya	0	0	0	0
3.3.155	bhashya	0	0	0	0
3.3.156	bhashya	47	22	1	1
3.3.157	bhashya	21	9	4	4
3.3.157	vartika	3	2	0	0
3.3.158	bhashya	0	0	0	0
3.3.159	bhashya	0	0	0	0
3.3.160	bhashya	0	0	0	0
3.3.161	bhashya	253	130	8	7
3.3.162	bhashya	0	0	0	0
3.3.163	bhashya	92	52	1	1
3.3.164	bhashya	0	0	0	0
3.3.165	bhashya	0	0	0	0
3.3.166	bhashya	0	0	0	0
3.3.167	bhashya	46	22	1	0
3.3.168	bhashya	0	0	0	0
3.3.169	bhashya	0	0	0	0
3.3.170	bhashya	0	0	0	0
3.3.171	bhashya	0	0	0	0
3.3.172	bhashya	0	0	0	0
3.3.173	bhashya	0	0	0	0
3.3.174	bhashya	0	0	0	0
3.3.175	bhashya	0	0	0	0
3.3.176	bhashya	0	0	0	0
3.4.1	bhashya	103	60	6	6
3.4.2	bhashya	343	162	12	12
3.4.3	bhashya	0	0	0	0
3.4.4	bhashya	38	25	2	2
3.4.5	bhashya	34	22	1	1
3.4.6	bhashya	0	0	0	0
3.4.7	bhashya	0	0	0	0
3.4.8	bhashya	35	15	1	1
3.4.9	bhashya	84	34	2	2
3.4.10	bhashya	0	0	0	0
3.4.11	bhashya	0	0	0	0
3.4.12	bhashya	0	0	0	0
3.4.13	bhashya	0	0	0	0
3.4.14	bhashya	0	0	0	0
3.4.15	bhashya	0	0	0	0
3.4.16	bhashya	0	0	0	0
3.4.17	bhashya	0	0	0	0
3.4.18	bhashya	0	0	0	0
3.4.19	bhashya	71	29	2	2
3.4.20	bhashya	0	0	0	0
3.4.21	bhashya	258	109	9	9
3.4.22	bhashya	0	0	0	0
3.4.23	bhashya	0	0	0	0
3.4.24	bhashya	72	38	1	1
3.4.25	bhashya	0	0	0	0
3.4.26	bhashya	393	167	8	8
3.4.27	bhashya	0	0	0	0
3.4.28	bhashya	0	0	0	0
3.4.29	bhashya	0	0	0	0
3.4.30	bhashya	0	0	0	0
3.4.31	bhashya	0	0	0	0
3.4.32	bhashya	32	16	0	0
3.4.33	bhashya	0	0	0	0
3.4.34	bhashya	0	0	0	0
3.4.35	bhashya	0	0	0	0
3.4.36	bhashya	0	0	0	0
3.4.37	bhashya	77	43	1	1
3.4.38	bhashya	0	0	0	0
3.4.39	bhashya	0	0	0	0
3.4.40	bhashya	0	0	0	0
3.4.41	bhashya	30	11	0	0
3.4.42	bhashya	0	0	0	0
3.4.43	bhashya	0	0	0	0
3.4.44	bhashya	0	0	0	0
3.4.45	bhashya	0	0	0	0
3.4.46	bhashya	0	0	0	0
3.4.47	bhashya	0	0	0	0
3.4.48	bhashya	0	0	0	0
3.4.49	bhashya	0	0	0	0
3.4.50	bhashya	0	0	0	0
3.4.51	bhashya	0	0	0	0
3.4.52	bhashya	0	0	0	0
3.4.53	bhashya	0	0	0	0
3.4.54	bhashya	0	0	0	0
3.4.55	bhashya	0	0	0	0
3.4.56	bhashya	0	0	0	0
3.4.57	bhashya	0	0	0	0
3.4.58	bhashya	0	0	0	0
3.4.59	bhashya	0	0	0	0
3.4.60	bhashya	12	10	1	1
3.4.61	bhashya	0	0	0	0
3.4.62	bhashya	40	17	2	2
3.4.63	bhashya	0	0	0	0
3.4.64	bhashya	13	8	1	1
3.4.65	bhashya	0	0	0	0
3.4.66	bhashya	0	0	0	0
3.4.67	bhashya	511	221	17	17
3.4.68	bhashya	0	0	0	0
3.4.69	bhashya	317	138	9	9
3.4.70	bhashya	0	0	0	0
3.4.71	bhashya	0	0	0	0
3.4.72	bhashya	0	0	0	0
3.4.73	bhashya	0	0	0	0
3.4.74	bhashya	0	0	0	0
3.4.75	bhashya	0	0	0	0
3.4.76	bhashya	0	0	0	0
3.4.77	bhashya	163	74	4	4
3.4.78	bhashya	0	0	0	0
3.4.79	bhashya	144	66	3	3
3.4.80	bhashya	0	0	0	0
3.4.81	bhashya	0	0	0	0
3.4.82	bhashya	269	122	7	7
3.4.83	bhashya	0	0	0	0
3.4.84	bhashya	0	0	0	0
3.4.85	bhashya	88	31	1	1
3.4.86	bhashya	0	0	0	0
3.4.87	bhashya	3	2	0	0
3.4.88	bhashya	0	0	0	0
3.4.89	bhashya	36	20	0	0
3.4.90	bhashya	0	0	0	0
3.4.91	bhashya	0	0	0	0
3.4.92	bhashya	0	0	0	0
3.4.93	bhashya	35	17	0	0
3.4.94	bhashya	0	0	0	0
3.4.95	bhashya	0	0	0	0
3.4.96	bhashya	0	0	0	0
3.4.97	bhashya	0	0	0	0
3.4.98	bhashya	0	0	0	0
3.4.99	bhashya	0	0	0	0
3.4.100	bhashya	0	0	0	0
3.4.101	bhashya	0	0	0	0
3.4.102	bhashya	84	38	1	1
3.4.103	bhashya	81	27	2	2
3.4.104	bhashya	0	0	0	0
3.4.105	bhashya	0	0	0	0
3.4.106	bhashya	0	0	0	0
3.4.107	bhashya	0	0	0	0
3.4.108	bhashya	0	0	0	0
3.4.109	bhashya	0	0	0	0
3.4.110	bhashya	190	84	8	8
3.4.111	bhashya	0	0	0	0
3.4.112	bhashya	0	0	0	0
3.4.113	bhashya	0	0	0	0
3.4.114	bhashya	87	50	9	9
3.4.115	bhashya	0	0	0	0
3.4.116	bhashya	0	0	0	0
3.4.117	bhashya	0	0	0	0
4.1.1	bhashya	1184	573	33	33
4.1.2	bhashya	0	0	0	0
4.1.3	bhashya	905	436	32	32
4.1.4	bhashya	76	34	3	3
4.1.4	vartika	3	1	0	0
4.1.5	bhashya	0	0	0	0
4.1.6	bhashya	146	84	9	9
4.1.6	vartika	1	3	0	0
4.1.7	bhashya	148	64	5	5
4.1.7	vartika	2	2	0	0
4.1.8	bhashya	0	0	0	0
4.1.9	bhashya	0	0	0	0
4.1.10	bhashya	87	44	3	3
4.1.11	bhashya	0	0	0	0
4.1.12	bhashya	0	0	0	0
4.1.13	bhashya	170	89	6	6
4.1.14	bhashya	318	155	7	7
4.1.15	bhashya	243	92	14	14
4.1.15	vartika	1	1	0	0
4.1.16	bhashya	27	18	0	0
4.1.16	vartika	2	2	0	0
4.1.17	bhashya	41	19	3	3
4.1.17	vartika	1	1	0	0
4.1.18	bhashya	97	38	2	2
4.1.19	bhashya	14	8	0	0
4.1.20	bhashya	105	33	1	1
4.1.20	vartika	3	0	0	0
4.1.21	bhashya	0	0	0	0
4.1.22	bhashya	28	14	3	3
4.1.23	bhashya	0	0	0	0
4.1.24	bhashya	0	0	0	0
4.1.25	bhashya	111	45	8	8
4.1.26	bhashya	0	0	0	0
4.1.27	bhashya	117	51	5	5
4.1.27	vartika	5	2	0	0
4.1.28	bhashya	0	0	0	0
4.1.29	bhashya	0	0	0	0
4.1.30	bhashya	17	10	0	0
4.1.31	bhashya	17	9	1	1
4.1.31	vartika	2	2	0	0
4.1.32	bhashya	85	43	2	2
4.1.32	vartika	2	2	0	0
4.1.33	bhashya	38	15	0	0
4.1.34	bhashya	48	25	1	1
4.1.35	bhashya	0	0	0	0
4.1.36	bhashya	154	73	11	11
4.1.37	bhashya	0	0	0	0
4.1.38	bhashya	0	0	0	0
4.1.39	bhashya	30	18	2	2
4.1.39	vartika	1	2	0	0
4.1.40	bhashya	0	0	0	0
4.1.41	bhashya	0	0	0	0
4.1.42	bhashya	28	12	2	2
4.1.42	vartika	2	2	1	1
4.1.43	bhashya	0	0	0	0
4.1.44	bhashya	51	27	0	0
4.1.44	vartika	1	3	0	0
4.1.45	bhashya	0	0	0	0
4.1.46	bhashya	0	0	0	0
4.1.47	bhashya	0	0	0	0
4.1.48	bhashya	489	236	27	25
4.1.48	vartika	2	2	0	0
4.1.49	bhashya	64	37	0	0
4.1.49	vartika	2	7	0	0
4.1.50	bhashya	51	26	3	3
4.1.51	bhashya	0	0	0	0
4.1.52	bhashya	71	34	0	0
4.1.52	vartika	2	7	0	0
4.1.53	bhashya	0	0	0	0
4.1.54	bhashya	273	140	9	9
4.1.55	bhashya	130	86	5	5
4.1.55	vartika	2	4	0	0
4.1.56	bhashya	0	0	0	0
4.1.57	bhashya	0	0	0	0
4.1.58	bhashya	0	0	0	0
4.1.59	bhashya	0	0	0	0
4.1.60	bhashya	91	48	9	9
4.1.61	bhashya	0	0	0	0
4.1.62	bhashya	0	0	0	0
4.1.63	bhashya	126	51	0	0
4.1.63	vartika	2	2	0	0
4.1.64	bhashya	56	31	0	0
4.1.64	vartika	1	5	0	0
4.1.65	bhashya	26	11	0	0
4.1.66	bhashya	102	64	2	2
4.1.66	vartika	1	1	0	0
4.1.67	bhashya	0	0	0	0
4.1.68	vartika	1	1	0	0
4.1.68	bhashya	0	0	0	0
4.1.69	bhashya	0	0	0	0
4.1.70	bhashya	10	4	0	0
4.1.70	vartika	3	2	0	0
4.1.71	bhashya	14	8	0	0
4.1.71	vartika	2	2	0	0
4.1.72	bhashya	0	0	0	0
4.1.73	vartika	1	1	0	0
4.1.73	bhashya	0	0	0	0
4.1.74	bhashya	36	17	0	0
4.1.74	vartika	2	1	0	0
4.1.75	bhashya	116	55	6	6
4.1.76	bhashya	0	0	0	0
4.1.77	bhashya	0	0	0	0
4.1.78	bhashya	659	255	29	28
4.1.79	bhashya	126	76	2	2
4.1.80	bhashya	0	0	0	0
4.1.81	bhashya	0	0	0	0
4.1.82	bhashya	140	73	11	10
4.1.83	bhashya	252	100	8	8
4.1.84	vartika	3	1	0	0
4.1.84	bhashya	0	0	0	0
4.1.85	bhashya	154	68	2	1
4.1.85	vartika	2	8	0	0
4.1.86	bhashya	35	22	2	2
4.1.87	bhashya	187	88	5	5
4.1.88	bhashya	239	103	3	3
4.1.89	bhashya	387	151	12	12
4.1.90	bhashya	440	217	17	17
4.1.91	bhashya	0	0	0	0
4.1.92	bhashya	320	151	5	4
4.1.93	bhashya	864	403	23	23
4.1.94	bhashya	0	0	0	0
4.1.95	bhashya	66	33	1	1
4.1.96	bhashya	68	32	3	3
4.1.97	bhashya	24	14	1	1
4.1.97	vartika	3	2	0	0
4.1.98	bhashya	245	103	5	3
4.1.99	bhashya	0	0	0	0
4.1.100	bhashya	0	0	0	0
4.1.101	bhashya	0	0	0	0
4.1.102	bhashya	0	0	0	0
4.1.103	bhashya	0	0	0	0
4.1.104	bhashya	100	41	5	5
4.1.105	bhashya	0	0	0	0
4.1.106	bhashya	0	0	0	0
4.1.107	bhashya	0	0	0	0
4.1.108	bhashya	22	11	0	0
4.1.109	bhashya	0	0	0	0
4.1.110	bhashya	0	0	0	0
4.1.111	bhashya	0	0	0	0
4.1.112	bhashya	145	64	2	2
4.1.113	bhashya	0	0	0	0
4.1.114	bhashya	257	109	2	2
4.1.115	bhashya	19	7	2	2
4.1.116	bhashya	45	19	4	4
4.1.117	bhashya	0	0	0	0
4.1.118	bhashya	0	0	0	0
4.1.119	bhashya	0	0	0	0
4.1.120	bhashya	88	31	6	6
4.1.121	bhashya	0	0	0	0
4.1.122	bhashya	0	0	0	0
4.1.123	bhashya	0	0	0	0
4.1.124	bhashya	0	0	0	0
4.1.125	bhashya	0	0	0	0
4.1.126	bhashya	0	0	0	0
4.1.127	bhashya	0	0	0	0
4.1.128	bhashya	38	14	1	1
4.1.128	vartika	2	1	0	0
4.1.129	bhashya	0	0	0	0
4.1.130	bhashya	34	12	1	1
4.1.131	bhashya	11	5	0	0
4.1.132	bhashya	0	0	0	0
4.1.133	bhashya	16	4	0	0
4.1.134	bhashya	24	9	0	0
4.1.135	bhashya	0	0	0	0
4.1.136	bhashya	0	0	0	0
4.1.137	bhashya	21	6	0	0
4.1.137	vartika	3	1	0	0
4.1.138	bhashya	0	0	0	0
4.1.139	bhashya	0	0	0	0
4.1.140	bhashya	0	0	0	0
4.1.141	bhashya	0	0	0	0
4.1.142	bhashya	0	0	0	0
4.1.143	bhashya	0	0	0	0
4.1.144	bhashya	0	0	0	0
4.1.145	bhashya	37	19	1	1
4.1.146	bhashya	0	0	0	0
4.1.147	bhashya	145	66	2	2
4.1.148	bhashya	23	6	0	0
4.1.149	bhashya	0	0	0	0
4.1.150	bhashya	53	33	0	0
4.1.151	bhashya	71	32	2	2
4.1.151	vartika	2	1	0	0
4.1.152	bhashya	0	0	0	0
4.1.153	bhashya	52	18	1	1
4.1.153	vartika	2	1	0	0
4.1.154	bhashya	0	0	0	0
4.1.155	bhashya	132	61	5	5
4.1.155	vartika	2	2	0	0
4.1.156	bhashya	0	0	0	0
4.1.157	bhashya	0	0	0	0
4.1.158	bhashya	127	53	8	8
4.1.159	bhashya	0	0	0	0
4.1.160	bhashya	0	0	0	0
4.1.161	bhashya	87	34	4	4
4.1.162	bhashya	76	35	4	4
4.1.162	vartika	4	2	1	1
4.1.163	bhashya	179	78	5	4
4.1.163	vartika	2	0	0	0
4.1.164	bhashya	0	0	0	0
4.1.165	bhashya	360	158	14	13
4.1.166	vartika	1	3	0	0
4.1.166	bhashya	0	0	0	0
4.1.167	bhashya	0	0	0	0
4.1.168	bhashya	106	52	2	2
4.1.169	bhashya	0	0	0	0
4.1.170	bhashya	73	24	0	0
4.1.171	bhashya	0	0	0	0
4.1.172	bhashya	0	0	0	0
4.1.173	bhashya	0	0	0	0
4.1.174	bhashya	0	0	0	0
4.1.175	bhashya	16	10	0	0
4.1.175	vartika	3	2	0	0
4.1.176	bhashya	0	0	0	0
4.1.177	bhashya	64	28	2	2
4.1.178	bhashya	0	0	0	0
4.2.1	bhashya	24	15	0	0
4.2.2	bhashya	54	30	2	2
4.2.2	vartika	1	4	0	0
4.2.3	bhashya	120	52	4	4
4.2.4	bhashya	83	25	2	2
4.2.5	bhashya	16	6	1	1
4.2.6	bhashya	0	0	0	0
4.2.7	bhashya	107	38	1	1
4.2.8	vartika	1	8	1	1
4.2.8	bhashya	0	0	0	0
4.2.9	bhashya	49	16	1	1
4.2.10	bhashya	43	10	1	1
4.2.11	bhashya	17	10	0	0
4.2.12	bhashya	0	0	0	0
4.2.13	bhashya	52	28	3	3
4.2.14	bhashya	0	0	0	0
4.2.15	bhashya	0	0	0	0
4.2.16	bhashya	0	0	0	0
4.2.17	bhashya	0	0	0	0
4.2.18	bhashya	0	0	0	0
4.2.19	bhashya	0	0	0	0
4.2.20	bhashya	0	0	0	0
4.2.21	bhashya	48	23	5	5
4.2.22	bhashya	0	0	0	0
4.2.23	bhashya	0	0	0	0
4.2.24	bhashya	0	0	0	0
4.2.25	bhashya	56	17	4	4
4.2.26	bhashya	0	0	0	0
4.2.27	bhashya	24	11	0	0
4.2.28	bhashya	22	16	0	0
4.2.28	vartika	2	3	0	0
4.2.29	bhashya	0	0	0	0
4.2.30	bhashya	0	0	0	0
4.2.31	bhashya	0	0	0	0
4.2.32	bhashya	0	0	0	0
4.2.33	bhashya	0	0	0	0
4.2.34	bhashya	0	0	0	0
4.2.35	bhashya	34	16	2	2
4.2.35	vartika	2	3	0	0
4.2.36	bhashya	95	46	1	1
4.2.36	vartika	2	8	0	0
4.2.37	bhashya	0	0	0	0
4.2.38	bhashya	44	23	3	3
4.2.39	bhashya	71	31	3	3
4.2.39	vartika	2	2	0	0
4.2.40	bhashya	9	6	0	0
4.2.40	vartika	4	1	0	0
4.2.41	bhashya	0	0	0	0
4.2.42	bhashya	52	22	0	0
4.2.42	vartika	2	1	0	0
4.2.43	bhashya	48	18	1	1
4.2.43	vartika	3	2	0	0
4.2.44	bhashya	0	0	0	0
4.2.45	bhashya	213	90	5	5
4.2.46	bhashya	0	0	0	0
4.2.47	vartika	3	1	0	0
4.2.47	bhashya	0	0	0	0
4.2.48	bhashya	0	0	0	0
4.2.49	bhashya	49	19	2	2
4.2.50	bhashya	1	1	0	0
4.2.51	bhashya	12	6	0	0
4.2.51	vartika	2	1	0	0
4.2.52	bhashya	105	46	3	3
4.2.53	bhashya	0	0	0	0
4.2.54	bhashya	0	0	0	0
4.2.55	bhashya	21	14	3	3
4.2.55	vartika	2	1	0	0
4.2.56	bhashya	0	0	0	0
4.2.57	bhashya	0	0	0	0
4.2.58	bhashya	0	0	0	0
4.2.59	bhashya	23	8	2	2
4.2.60	bhashya	136	82	3	3
4.2.60	vartika	3	12	0	0
4.2.61	bhashya	0	0	0	0
4.2.62	bhashya	13	7	0	0
4.2.63	bhashya	18	9	0	0
4.2.64	bhashya	12	6	0	0
4.2.65	bhashya	11	6	1	1
4.2.66	bhashya	258	132	4	4
4.2.67	bhashya	3	2	0	0
4.2.68	bhashya	2	1	0	0
4.2.69	bhashya	2	0	0	0
4.2.70	bhashya	106	40	2	2
4.2.71	bhashya	24	13	2	2
4.2.72	bhashya	36	16	1	1
4.2.73	bhashya	0	0	0	0
4.2.74	bhashya	0	0	0	0
4.2.75	bhashya	0	0	0	0
4.2.76	bhashya	0	0	0	0
4.2.77	bhashya	0	0	0	0
4.2.78	bhashya	0	0	0	0
4.2.79	bhashya	0	0	0	0
4.2.80	bhashya	0	0	0	0
4.2.81	bhashya	0	0	0	0
4.2.82	bhashya	0	0	0	0
4.2.83	bhashya	0	0	0	0
4.2.84	bhashya	0	0	0	0
4.2.85	bhashya	41	18	6	6
4.2.86	bhashya	0	0	0	0
4.2.87	bhashya	7	4	0	0
4.2.87	vartika	2	2	0	0
4.2.88	bhashya	0	0	0	0
4.2.89	bhashya	0	0	0	0
4.2.90	bhashya	0	0	0	0
4.2.91	bhashya	135	60	10	10
4.2.92	bhashya	214	89	5	5
4.2.93	bhashya	16	12	0	0
4.2.93	vartika	2	2	0	0
4.2.94	bhashya	0	0	0	0
4.2.95	bhashya	13	11	0	0
4.2.96	bhashya	21	9	0	0
4.2.97	bhashya	0	0	0	0
4.2.98	bhashya	0	0	0	0
4.2.99	bhashya	8	6	1	1
4.2.99	vartika	2	2	0	0
4.2.100	bhashya	63	34	5	5
4.2.101	bhashya	0	0	0	0
4.2.102	bhashya	0	0	0	0
4.2.103	bhashya	0	0	0	0
4.2.104	bhashya	852	438	6	6
4.2.104	vartika	2	7	0	0
4.2.105	bhashya	0	0	0	0
4.2.106	bhashya	0	0	0	0
4.2.107	bhashya	0	0	0	0
4.2.108	bhashya	0	0	0	0
4.2.109	bhashya	0	0	0	0
4.2.110	bhashya	0	0	0	0
4.2.111	bhashya	0	0	0	0
4.2.112	bhashya	0	0	0	0
4.2.113	bhashya	0	0	0	0
4.2.114	bhashya	0	0	0	0
4.2.115	bhashya	0	0	0	0
4.2.116	vartika	1	1	0	0
4.2.116	bhashya	0	0	0	0
4.2.117	bhashya	0	0	0	0
4.2.118	bhashya	0	0	0	0
4.2.119	bhashya	0	0	0	0
4.2.120	bhashya	0	0	0	0
4.2.121	bhashya	0	0	0	0
4.2.122	bhashya	0	0	0	0
4.2.123	bhashya	0	0	0	0
4.2.124	bhashya	47	23	1	1
4.2.125	bhashya	0	0	0	0
4.2.126	bhashya	0	0	0	0
4.2.127	bhashya	0	0	0	0
4.2.128	bhashya	0	0	0	0
4.2.129	bhashya	26	7	0	0
4.2.129	vartika	2	2	0	0
4.2.130	bhashya	65	27	4	4
4.2.131	bhashya	0	0	0	0
4.2.132	bhashya	0	0	0	0
4.2.133	bhashya	39	21	0	0
4.2.134	bhashya	0	0	0	0
4.2.135	bhashya	0	0	0	0
4.2.136	bhashya	0	0	0	0
4.2.137	bhashya	40	22	0	0
4.2.138	bhashya	32	22	4	4
4.2.139	bhashya	0	0	0	0
4.2.140	bhashya	0	0	0	0
4.2.141	bhashya	34	21	0	0
4.2.141	vartika	3	3	0	0
4.2.142	bhashya	0	0	0	0
4.2.143	bhashya	0	0	0	0
4.2.144	bhashya	0	0	0	0
4.2.145	bhashya	0	0	0	0
4.3.1	bhashya	33	19	2	2
4.3.2	bhashya	56	29	5	5
4.3.3	bhashya	55	28	3	3
4.3.4	bhashya	45	31	0	0
4.3.5	bhashya	0	0	0	0
4.3.6	bhashya	0	0	0	0
4.3.7	bhashya	0	0	0	0
4.3.8	vartika	1	3	0	0
4.3.8	bhashya	0	0	0	0
4.3.9	bhashya	0	0	0	0
4.3.10	bhashya	0	0	0	0
4.3.11	bhashya	0	0	0	0
4.3.12	bhashya	0	0	0	0
4.3.13	bhashya	0	0	0	0
4.3.14	bhashya	0	0	0	0
4.3.15	bhashya	70	36	4	4
4.3.16	bhashya	0	0	0	0
4.3.17	bhashya	0	0	0	0
4.3.18	bhashya	0	0	0	0
4.3.19	bhashya	0	0	0	0
4.3.20	bhashya	0	0	0	0
4.3.21	bhashya	0	0	0	0
4.3.22	bhashya	51	22	0	0
4.3.23	bhashya	172	91	8	8
4.3.23	vartika	1	2	0	0
4.3.24	bhashya	229	98	2	2
4.3.25	bhashya	134	48	2	2
4.3.26	bhashya	0	0	0	0
4.3.27	bhashya	0	0	0	0
4.3.28	bhashya	0	0	0	0
4.3.29	bhashya	0	0	0	0
4.3.30	bhashya	0	0	0	0
4.3.31	bhashya	0	0	0	0
4.3.32	bhashya	0	0	0	0
4.3.33	bhashya	0	0	0	0
4.3.34	bhashya	61	29	5	5
4.3.34	vartika	3	6	0	0
4.3.35	bhashya	0	0	0	0
4.3.36	bhashya	0	0	0	0
4.3.37	bhashya	0	0	0	0
4.3.38	bhashya	0	0	0	0
4.3.39	bhashya	129	34	2	2
4.3.40	bhashya	0	0	0	0
4.3.41	bhashya	0	0	0	0
4.3.42	bhashya	56	23	0	0
4.3.43	bhashya	0	0	0	0
4.3.44	bhashya	0	0	0	0
4.3.45	bhashya	0	0	0	0
4.3.46	bhashya	0	0	0	0
4.3.47	bhashya	0	0	0	0
4.3.48	bhashya	22	8	0	0
4.3.49	bhashya	0	0	0	0
4.3.50	bhashya	0	0	0	0
4.3.51	bhashya	0	0	0	0
4.3.52	bhashya	0	0	0	0
4.3.53	bhashya	45	27	5	5
4.3.54	bhashya	0	0	0	0
4.3.55	bhashya	0	0	0	0
4.3.56	bhashya	0	0	0	0
4.3.57	bhashya	0	0	0	0
4.3.58	bhashya	3	3	1	1
4.3.58	vartika	1	1	0	0
4.3.59	bhashya	26	21	0	0
4.3.59	vartika	2	1	0	0
4.3.60	bhashya	106	56	2	2
4.3.60	vartika	3	4	0	0
4.3.61	bhashya	0	0	0	0
4.3.62	bhashya	0	0	0	0
4.3.63	bhashya	0	0	0	0
4.3.64	bhashya	0	0	0	0
4.3.65	bhashya	0	0	0	0
4.3.66	bhashya	174	88	8	8
4.3.67	bhashya	0	0	0	0
4.3.68	bhashya	57	32	1	1
4.3.69	bhashya	0	0	0	0
4.3.70	bhashya	0	0	0	0
4.3.71	bhashya	0	0	0	0
4.3.72	bhashya	13	9	0	0
4.3.72	vartika	2	2	0	0
4.3.73	bhashya	0	0	0	0
4.3.74	bhashya	0	0	0	0
4.3.75	bhashya	0	0	0	0
4.3.76	bhashya	0	0	0	0
4.3.77	bhashya	0	0	0	0
4.3.78	bhashya	0	0	0	0
4.3.79	bhashya	0	0	0	0
4.3.80	bhashya	0	0	0	0
4.3.81	bhashya	0	0	0	0
4.3.82	bhashya	0	0	0	0
4.3.83	bhashya	0	0	0	0
4.3.84	bhashya	56	24	0	0
4.3.85	bhashya	0	0	0	0
4.3.86	bhashya	35	12	0	0
4.3.87	bhashya	23	8	1	1
4.3.87	vartika	2	1	0	0
4.3.88	bhashya	17	11	0	0
4.3.88	vartika	4	3	0	0
4.3.89	bhashya	3	0	0	0
4.3.90	bhashya	15	5	1	1
4.3.91	bhashya	0	0	0	0
4.3.92	bhashya	0	0	0	0
4.3.93	bhashya	0	0	0	0
4.3.94	bhashya	0	0	0	0
4.3.95	bhashya	0	0	0	0
4.3.96	bhashya	0	0	0	0
4.3.97	bhashya	0	0	0	0
4.3.98	bhashya	39	11	1	1
4.3.99	bhashya	0	0	0	0
4.3.100	bhashya	43	15	1	1
4.3.101	bhashya	123	40	2	2
4.3.102	bhashya	0	0	0	0
4.3.103	bhashya	0	0	0	0
4.3.104	bhashya	65	35	2	2
4.3.105	bhashya	21	15	0	0
4.3.106	bhashya	0	0	0	0
4.3.107	bhashya	0	0	0	0
4.3.108	bhashya	0	0	0	0
4.3.109	bhashya	0	0	0	0
4.3.110	bhashya	0	0	0	0
4.3.111	bhashya	0	0	0	0
4.3.112	bhashya	0	0	0	0
4.3.113	bhashya	0	0	0	0
4.3.114	bhashya	0	0	0	0
4.3.115	bhashya	0	0	0	0
4.3.116	bhashya	63	31	3	3
4.3.117	bhashya	0	0	0	0
4.3.118	bhashya	0	0	0	0
4.3.119	bhashya	0	0	0	0
4.3.120	bhashya	208	93	9	9
4.3.120	vartika	1	4	1	1
4.3.121	bhashya	0	0	0	0
4.3.122	bhashya	0	0	0	0
4.3.123	bhashya	0	0	0	0
4.3.124	bhashya	0	0	0	0
4.3.125	bhashya	17	10	0	0
4.3.125	vartika	3	2	0	0
4.3.126	bhashya	0	0	0	0
4.3.127	bhashya	56	33	0	0
4.3.127	vartika	2	2	0	0
4.3.128	bhashya	0	0	0	0
4.3.129	bhashya	0	0	0	0
4.3.130	bhashya	0	0	0	0
4.3.131	bhashya	9	8	0	0
4.3.132	bhashya	0	0	0	0
4.3.133	bhashya	104	46	2	2
4.3.134	bhashya	250	136	10	10
4.3.135	bhashya	24	15	0	0
4.3.136	bhashya	22	13	0	0
4.3.137	bhashya	0	0	0	0
4.3.138	bhashya	0	0	0	0
4.3.139	bhashya	0	0	0	0
4.3.140	bhashya	142	54	2	2
4.3.141	bhashya	0	0	0	0
4.3.142	bhashya	0	0	0	0
4.3.143	bhashya	30	22	1	1
4.3.144	bhashya	0	0	0	0
4.3.144	vartika	2	0	0	0
4.3.145	bhashya	0	0	0	0
4.3.146	bhashya	0	0	0	0
4.3.147	bhashya	0	0	0	0
4.3.148	bhashya	0	0	0	0
4.3.149	bhashya	0	0	0	0
4.3.150	bhashya	0	0	0	0
4.3.151	bhashya	0	0	0	0
4.3.152	bhashya	0	0	0	0
4.3.153	bhashya	0	0	0	0
4.3.154	bhashya	0	0	0	0
4.3.155	bhashya	216	81	7	7
4.3.156	bhashya	276	122	2	2
4.3.157	bhashya	0	0	0	0
4.3.158	bhashya	0	0	0	0
4.3.159	bhashya	0	0	0	0
4.3.160	bhashya	0	0	0	0
4.3.161	bhashya	0	0	0	0
4.3.162	bhashya	0	0	0	0
4.3.163	bhashya	36	19	2	2
4.3.164	bhashya	0	0	0	0
4.3.165	bhashya	0	0	0	0
4.3.166	bhashya	38	14	2	2
4.3.166	vartika	1	1	0	0
4.3.167	bhashya	0	0	0	0
4.3.168	bhashya	0	0	0	0
4.4.1	bhashya	72	42	2	2
4.4.1	vartika	2	6	0	0
4.4.2	bhashya	0	0	0	0
4.4.3	bhashya	0	0	0	0
4.4.4	bhashya	0	0	0	0
4.4.5	bhashya	0	0	0	0
4.4.6	bhashya	0	0	0	0
4.4.7	bhashya	0	0	0	0
4.4.8	bhashya	0	0	0	0
4.4.9	bhashya	0	0	0	0
4.4.10	bhashya	0	0	0	0
4.4.11	bhashya	0	0	0	0
4.4.12	bhashya	0	0	0	0
4.4.13	vartika	2	2	0	0
4.4.13	bhashya	0	0	0	0
4.4.14	bhashya	0	0	0	0
4.4.15	bhashya	0	0	0	0
4.4.16	bhashya	0	0	0	0
4.4.17	bhashya	8	4	1	1
4.4.17	vartika	1	0	0	0
4.4.18	bhashya	0	0	0	0
4.4.19	bhashya	0	0	0	0
4.4.20	vartika	1	1	0	0
4.4.20	bhashya	0	0	0	0
4.4.21	bhashya	0	0	0	0
4.4.22	bhashya	0	0	0	0
4.4.23	bhashya	14	4	0	0
4.4.24	bhashya	48	17	1	1
4.4.25	bhashya	0	0	0	0
4.4.26	bhashya	0	0	0	0
4.4.27	bhashya	0	0	0	0
4.4.28	bhashya	0	0	0	0
4.4.29	bhashya	0	0	0	0
4.4.30	bhashya	50	23	1	1
4.4.30	vartika	2	1	0	0
4.4.31	bhashya	0	0	0	0
4.4.32	bhashya	0	0	0	0
4.4.33	bhashya	0	0	0	0
4.4.34	bhashya	0	0	0	0
4.4.35	bhashya	0	0	0	0
4.4.36	bhashya	0	0	0	0
4.4.37	bhashya	0	0	0	0
4.4.38	bhashya	0	0	0	0
4.4.39	bhashya	0	0	0	0
4.4.40	bhashya	0	0	0	0
4.4.41	bhashya	10	5	0	0
4.4.41	vartika	2	2	0	0
4.4.42	bhashya	0	0	0	0
4.4.43	bhashya	0	0	0	0
4.4.44	bhashya	0	0	0	0
4.4.45	bhashya	0	0	0	0
4.4.46	bhashya	0	0	0	0
4.4.47	bhashya	0	0	0	0
4.4.48	bhashya	0	0	0	0
4.4.49	bhashya	27	17	0	0
4.4.49	vartika	2	4	0	0
4.4.50	bhashya	0	0	0	0
4.4.51	bhashya	0	0	0	0
4.4.52	bhashya	0	0	0	0
4.4.53	bhashya	0	0	0	0
4.4.54	bhashya	0	0	0	0
4.4.55	bhashya	25	9	0	0
4.4.56	bhashya	0	0	0	0
4.4.57	bhashya	0	0	0	0
4.4.58	bhashya	0	0	0	0
4.4.59	bhashya	65	27	0	0
4.4.60	bhashya	28	10	2	2
4.4.61	bhashya	0	0	0	0
4.4.62	bhashya	26	13	1	1
4.4.63	bhashya	0	0	0	0
4.4.64	bhashya	0	0	0	0
4.4.65	bhashya	40	13	0	0
4.4.66	bhashya	0	0	0	0
4.4.67	vartika	2	2	0	0
4.4.67	bhashya	0	0	0	0
4.4.68	bhashya	0	0	0	0
4.4.69	bhashya	0	0	0	0
4.4.70	bhashya	0	0	0	0
4.4.71	bhashya	0	0	0	0
4.4.72	bhashya	0	0	0	0
4.4.73	bhashya	0	0	0	0
4.4.74	bhashya	0	0	0	0
4.4.75	bhashya	0	0	0	0
4.4.76	bhashya	71	28	4	4
4.4.77	bhashya	0	0	0	0
4.4.78	bhashya	0	0	0	0
4.4.79	bhashya	0	0	0	0
4.4.80	bhashya	0	0	0	0
4.4.81	bhashya	0	0	0	0
4.4.82	bhashya	40	17	1	1
4.4.83	bhashya	28	19	1	1
4.4.84	bhashya	0	0	0	0
4.4.85	bhashya	0	0	0	0
4.4.86	bhashya	0	0	0	0
4.4.87	bhashya	0	0	0	0
4.4.88	bhashya	0	0	0	0
4.4.89	bhashya	0	0	0	0
4.4.90	bhashya	43	16	2	2
4.4.91	bhashya	0	0	0	0
4.4.92	bhashya	0	0	0	0
4.4.93	bhashya	0	0	0	0
4.4.94	bhashya	0	0	0	0
4.4.95	bhashya	0	0	0	0
4.4.96	bhashya	0	0	0	0
4.4.97	bhashya	0	0	0	0
4.4.98	bhashya	0	0	0	0
4.4.99	bhashya	0	0	0	0
4.4.100	bhashya	0	0	0	0
4.4.101	bhashya	0	0	0	0
4.4.102	bhashya	0	0	0	0
4.4.103	bhashya	0	0	0	0
4.4.104	bhashya	0	0	0	0
4.4.105	bhashya	0	0	0	0
4.4.106	bhashya	0	0	0	0
4.4.107	bhashya	0	0	0	0
4.4.108	bhashya	0	0	0	0
4.4.109	bhashya	0	0	0	0
4.4.110	bhashya	0	0	0	0
4.4.111	bhashya	0	0	0	0
4.4.112	bhashya	0	0	0	0
4.4.113	bhashya	0	0	0	0
4.4.114	bhashya	0	0	0	0
4.4.115	bhashya	0	0	0	0
4.4.116	bhashya	0	0	0	0
4.4.117	bhashya	0	0	0	0
4.4.118	bhashya	0	0	0	0
4.4.119	bhashya	0	0	0	0
4.4.120	bhashya	0	0	0	0
4.4.121	bhashya	0	0	0	0
4.4.122	bhashya	0	0	0	0
4.4.123	bhashya	0	0	0	0
4.4.124	bhashya	0	0	0	0
4.4.125	bhashya	0	0	0	0
4.4.126	bhashya	0	0	0	0
4.4.127	bhashya	0	0	0	0
4.4.128	bhashya	32	12	0	0
4.4.128	vartika	1	2	0	0
4.4.129	bhashya	0	0	0	0
4.4.130	bhashya	0	0	0	0
4.4.131	bhashya	0	0	0	0
4.4.132	bhashya	0	0	0	0
4.4.133	bhashya	0	0	0	0
4.4.134	bhashya	0	0	0	0
4.4.135	bhashya	0	0	0	0
4.4.136	bhashya	0	0	0	0
4.4.137	bhashya	0	0	0	0
4.4.138	bhashya	0	0	0	0
4.4.139	bhashya	0	0	0	0
4.4.140	bhashya	70	37	2	2
4.4.140	vartika	3	2	0	0
4.4.141	bhashya	0	0	0	0
4.4.142	bhashya	0	0	0	0
4.4.143	bhashya	0	0	0	0
4.4.144	bhashya	0	0	0	0
5.1.1	bhashya	189	77	7	7
5.1.2	bhashya	245	114	10	10
5.1.3	bhashya	37	17	2	2
5.1.4	bhashya	31	9	0	0
5.1.5	bhashya	0	0	0	0
5.1.6	bhashya	11	6	2	2
5.1.6	vartika	2	1	1	1
5.1.7	bhashya	96	41	1	1
5.1.8	bhashya	0	0	0	0
5.1.9	bhashya	254	109	13	13
5.1.9	vartika	1	5	0	0
5.1.10	bhashya	29	15	0	0
5.1.10	vartika	2	4	1	1
5.1.11	bhashya	0	0	0	0
5.1.12	bhashya	33	18	1	1
5.1.13	bhashya	160	68	6	6
5.1.14	bhashya	0	0	0	0
5.1.15	bhashya	0	0	0	0
5.1.16	bhashya	98	39	4	4
5.1.17	bhashya	0	0	0	0
5.1.18	bhashya	0	0	0	0
5.1.19	bhashya	338	129	24	24
5.1.20	bhashya	139	78	5	5
5.1.20	vartika	7	4	2	2
5.1.21	bhashya	25	13	0	0
5.1.22	bhashya	75	29	3	3
5.1.23	bhashya	69	35	4	4
5.1.24	bhashya	42	20	1	1
5.1.25	bhashya	22	14	1	1
5.1.25	vartika	3	4	1	1
5.1.26	bhashya	0	0	0	0
5.1.27	bhashya	0	0	0	0
5.1.28	bhashya	236	135	4	3
5.1.29	bhashya	16	14	0	0
5.1.29	vartika	1	1	0	0
5.1.30	bhashya	38	26	2	2
5.1.30	vartika	2	2	1	1
5.1.31	bhashya	38	26	2	2
5.1.31	vartika	1	1	0	0
5.1.32	bhashya	0	0	0	0
5.1.33	bhashya	28	18	2	2
5.1.33	vartika	2	2	1	1
5.1.34	bhashya	0	0	0	0
5.1.35	bhashya	29	22	0	0
5.1.36	bhashya	0	0	0	0
5.1.37	bhashya	115	54	0	0
5.1.38	bhashya	47	20	0	0
5.1.38	vartika	1	3	0	0
5.1.39	vartika	1	1	0	0
5.1.39	bhashya	0	0	0	0
5.1.40	bhashya	0	0	0	0
5.1.41	bhashya	0	0	0	0
5.1.42	bhashya	0	0	0	0
5.1.43	bhashya	0	0	0	0
5.1.44	bhashya	0	0	0	0
5.1.45	bhashya	0	0	0	0
5.1.46	bhashya	0	0	0	0
5.1.47	bhashya	48	10	2	2
5.1.47	vartika	2	2	0	0
5.1.48	bhashya	35	14	1	1
5.1.49	bhashya	0	0	0	0
5.1.50	bhashya	0	0	0	0
5.1.51	bhashya	0	0	0	0
5.1.52	bhashya	15	9	3	3
5.1.52	vartika	2	2	1	1
5.1.53	bhashya	0	0	0	0
5.1.54	bhashya	0	0	0	0
5.1.55	bhashya	25	15	2	2
5.1.56	bhashya	0	0	0	0
5.1.57	bhashya	2	0	0	0
5.1.58	bhashya	273	99	14	14
5.1.58	vartika	1	4	1	1
5.1.59	bhashya	479	216	12	12
5.1.60	bhashya	0	0	0	0
5.1.61	bhashya	0	0	0	0
5.1.62	bhashya	0	0	0	0
5.1.63	bhashya	0	0	0	0
5.1.64	bhashya	2	1	0	0
5.1.65	bhashya	0	0	0	0
5.1.66	bhashya	0	0	0	0
5.1.67	bhashya	0	0	0	0
5.1.68	bhashya	0	0	0	0
5.1.69	bhashya	0	0	0	0
5.1.70	bhashya	0	0	0	0
5.1.71	bhashya	15	11	0	0
5.1.71	vartika	2	2	0	0
5.1.72	bhashya	61	19	1	1
5.1.73	bhashya	0	0	0	0
5.1.74	bhashya	34	15	0	0
5.1.74	vartika	3	3	0	0
5.1.75	bhashya	0	0	0	0
5.1.76	bhashya	68	34	3	3
5.1.77	bhashya	60	35	0	0
5.1.77	vartika	1	4	0	0
5.1.78	bhashya	0	0	0	0
5.1.79	bhashya	0	0	0	0
5.1.80	bhashya	46	18	2	2
5.1.81	bhashya	0	0	0	0
5.1.82	bhashya	0	0	0	0
5.1.83	bhashya	0	0	0	0
5.1.84	bhashya	22	9	0	0
5.1.85	bhashya	0	0	0	0
5.1.86	bhashya	0	0	0	0
5.1.87	bhashya	0	0	0	0
5.1.88	bhashya	0	0	0	0
5.1.89	bhashya	0	0	0	0
5.1.90	bhashya	25	10	3	3
5.1.91	bhashya	0	0	0	0
5.1.92	bhashya	0	0	0	0
5.1.93	bhashya	0	0	0	0
5.1.94	bhashya	106	65	0	0
5.1.94	vartika	2	6	0	0
5.1.95	bhashya	46	23	4	4
5.1.96	bhashya	79	16	1	1
5.1.97	bhashya	66	44	3	3
5.1.97	vartika	2	2	0	0
5.1.98	bhashya	0	0	0	0
5.1.99	bhashya	0	0	0	0
5.1.100	bhashya	0	0	0	0
5.1.101	bhashya	0	0	0	0
5.1.102	bhashya	0	0	0	0
5.1.103	bhashya	0	0	0	0
5.1.104	bhashya	0	0	0	0
5.1.105	vartika	2	2	0	0
5.1.105	bhashya	0	0	0	0
5.1.106	bhashya	0	0	0	0
5.1.107	bhashya	0	0	0	0
5.1.108	bhashya	0	0	0	0
5.1.109	bhashya	0	0	0	0
5.1.110	vartika	2	2	0	0
5.1.110	bhashya	0	0	0	0
5.1.111	bhashya	38	24	2	2
5.1.111	vartika	2	4	0	0
5.1.112	bhashya	0	0	0	0
5.1.113	bhashya	31	14	1	1
5.1.114	bhashya	33	17	2	2
5.1.114	vartika	1	1	0	0
5.1.115	bhashya	223	71	16	14
5.1.116	bhashya	53	17	2	2
5.1.117	bhashya	30	14	1	1
5.1.118	bhashya	85	37	3	3
5.1.119	bhashya	686	307	24	24
5.1.120	bhashya	100	40	5	5
5.1.121	bhashya	114	70	3	3
5.1.122	bhashya	44	18	1	1
5.1.123	bhashya	0	0	0	0
5.1.124	bhashya	25	15	0	0
5.1.124	vartika	3	2	0	0
5.1.125	bhashya	31	13	3	3
5.1.126	vartika	1	1	0	0
5.1.126	bhashya	0	0	0	0
5.1.127	bhashya	0	0	0	0
5.1.128	bhashya	0	0	0	0
5.1.129	bhashya	0	0	0	0
5.1.130	bhashya	26	14	2	2
5.1.131	bhashya	0	0	0	0
5.1.132	bhashya	0	0	0	0
5.1.132	vartika	2	0	0	0
5.1.133	bhashya	0	0	0	0
5.1.134	bhashya	0	0	0	0
5.1.135	bhashya	0	0	0	0
5.1.136	bhashya	0	0	0	0
5.2.1	bhashya	0	0	0	0
5.2.2	bhashya	0	0	0	0
5.2.3	bhashya	0	0	0	0
5.2.4	bhashya	153	65	4	4
5.2.5	bhashya	0	0	0	0
5.2.6	bhashya	18	9	0	0
5.2.7	bhashya	0	0	0	0
5.2.8	bhashya	0	0	0	0
5.2.9	bhashya	29	8	0	0
5.2.10	bhashya	49	28	3	3
5.2.11	bhashya	0	0	0	0
5.2.12	bhashya	71	29	7	7
5.2.12	vartika	4	1	0	0
5.2.13	bhashya	0	0	0	0
5.2.14	bhashya	25	9	0	0
5.2.15	bhashya	0	0	0	0
5.2.16	bhashya	0	0	0	0
5.2.17	bhashya	0	0	0	0
5.2.18	bhashya	0	0	0	0
5.2.19	bhashya	0	0	0	0
5.2.20	bhashya	20	10	1	1
5.2.21	bhashya	19	7	0	0
5.2.22	bhashya	0	0	0	0
5.2.23	bhashya	34	18	3	3
5.2.24	bhashya	0	0	0	0
5.2.25	bhashya	47	21	0	0
5.2.26	bhashya	0	0	0	0
5.2.27	bhashya	30	10	0	0
5.2.28	bhashya	90	33	8	8
5.2.29	bhashya	128	66	3	3
5.2.29	vartika	3	5	0	0
5.2.30	bhashya	0	0	0	0
5.2.31	bhashya	0	0	0	0
5.2.32	bhashya	0	0	0	0
5.2.33	bhashya	66	20	1	1
5.2.33	vartika	1	2	0	0
5.2.34	bhashya	0	0	0	0
5.2.35	bhashya	0	0	0	0
5.2.36	bhashya	0	0	0	0
5.2.37	bhashya	126	65	5	5
5.2.37	vartika	3	5	1	1
5.2.38	bhashya	0	0	0	0
5.2.39	bhashya	80	33	0	0
5.2.39	vartika	3	2	0	0
5.2.40	bhashya	38	12	0	0
5.2.41	bhashya	32	19	3	3
5.2.42	bhashya	80	26	2	2
5.2.43	bhashya	0	0	0	0
5.2.44	bhashya	39	18	0	0
5.2.45	bhashya	104	49	4	4
5.2.46	bhashya	66	35	8	8
5.2.47	bhashya	160	60	8	8
5.2.48	bhashya	208	78	14	14
5.2.49	bhashya	76	32	3	3
5.2.50	bhashya	0	0	0	0
5.2.51	bhashya	59	23	2	2
5.2.51	vartika	1	1	0	0
5.2.52	bhashya	108	51	4	4
5.2.53	bhashya	0	0	0	0
5.2.54	bhashya	0	0	0	0
5.2.55	bhashya	0	0	0	0
5.2.56	bhashya	0	0	0	0
5.2.57	bhashya	0	0	0	0
5.2.58	bhashya	46	24	1	1
5.2.59	bhashya	127	53	1	1
5.2.60	bhashya	16	9	0	0
5.2.61	bhashya	0	0	0	0
5.2.62	bhashya	0	0	0	0
5.2.63	bhashya	0	0	0	0
5.2.64	bhashya	0	0	0	0
5.2.65	bhashya	30	15	1	1
5.2.66	bhashya	0	0	0	0
5.2.67	bhashya	0	0	0	0
5.2.68	bhashya	0	0	0	0
5.2.69	bhashya	0	0	0	0
5.2.70	bhashya	0	0	0	0
5.2.71	bhashya	0	0	0	0
5.2.72	bhashya	41	10	1	1
5.2.73	bhashya	39	13	1	1
5.2.74	bhashya	0	0	0	0
5.2.75	bhashya	22	12	2	2
5.2.76	bhashya	26	13	1	1
5.2.77	bhashya	33	14	0	0
5.2.77	vartika	5	2	0	0
5.2.78	bhashya	0	0	0	0
5.2.79	bhashya	61	23	2	2
5.2.80	bhashya	0	0	0	0
5.2.81	bhashya	0	0	0	0
5.2.82	bhashya	15	7	2	2
5.2.82	vartika	2	1	0	0
5.2.83	bhashya	0	0	0	0
5.2.84	bhashya	40	18	5	5
5.2.85	bhashya	24	11	0	0
5.2.86	bhashya	0	0	0	0
5.2.87	bhashya	0	0	0	0
5.2.88	bhashya	0	0	0	0
5.2.89	bhashya	0	0	0	0
5.2.90	bhashya	0	0	0	0
5.2.91	bhashya	21	7	1	1
5.2.92	bhashya	46	33	8	8
5.2.93	bhashya	0	0	0	0
5.2.94	bhashya	726	291	28	28
5.2.95	bhashya	41	23	1	1
5.2.95	vartika	3	1	0	0
5.2.96	bhashya	24	12	1	1
5.2.96	vartika	1	1	0	0
5.2.97	bhashya	151	68	9	9
5.2.98	bhashya	0	0	0	0
5.2.99	bhashya	0	0	0	0
5.2.100	bhashya	30	19	0	0
5.2.100	vartika	1	1	0	0
5.2.101	bhashya	9	6	0	0
5.2.101	vartika	1	1	0	0
5.2.102	bhashya	3	1	0	0
5.2.103	bhashya	40	22	4	4
5.2.103	vartika	2	2	0	0
5.2.104	bhashya	0	0	0	0
5.2.105	bhashya	0	0	0	0
5.2.106	bhashya	0	0	0	0
5.2.107	bhashya	52	18	0	0
5.2.107	vartika	2	4	0	0
5.2.108	bhashya	0	0	0	0
5.2.109	bhashya	49	24	0	0
5.2.109	vartika	2	4	0	0
5.2.110	bhashya	0	0	0	0
5.2.111	bhashya	0	0	0	0
5.2.112	bhashya	18	10	0	0
5.2.112	vartika	3	1	0	0
5.2.113	bhashya	0	0	0	0
5.2.114	bhashya	0	0	0	0
5.2.115	bhashya	109	51	8	8
5.2.116	vartika	2	2	0	0
5.2.116	bhashya	0	0	0	0
5.2.117	bhashya	0	0	0	0
5.2.118	bhashya	55	24	2	2
5.2.119	bhashya	0	0	0	0
5.2.120	bhashya	18	7	0	0
5.2.120	vartika	3	1	0	0
5.2.121	bhashya	0	0	0	0
5.2.122	bhashya	105	60	3	3
5.2.122	vartika	1	8	0	0
5.2.123	bhashya	0	0	0	0
5.2.124	bhashya	0	0	0	0
5.2.125	bhashya	19	11	0	0
5.2.125	vartika	3	1	0	0
5.2.126	bhashya	18	7	1	1
5.2.127	bhashya	0	0	0	0
5.2.128	bhashya	0	0	0	0
5.2.129	bhashya	8	6	0	0
5.2.129	vartika	1	1	0	0
5.2.130	bhashya	0	0	0	0
5.2.131	bhashya	0	0	0	0
5.2.132	bhashya	0	0	0	0
5.2.133	bhashya	0	0	0	0
5.2.134	bhashya	0	0	0	0
5.2.135	bhashya	109	54	3	3
5.2.135	vartika	1	4	0	0
5.2.136	bhashya	0	0	0	0
5.2.137	bhashya	0	0	0	0
5.2.138	bhashya	0	0	0	0
5.2.139	bhashya	0	0	0	0
5.2.140	bhashya	0	0	0	0
5.3.1	bhashya	64	25	0	0
5.3.2	bhashya	38	19	4	4
5.3.3	bhashya	0	0	0	0
5.3.4	bhashya	0	0	0	0
5.3.4	vartika	2	0	0	0
5.3.5	bhashya	184	74	9	9
5.3.6	bhashya	0	0	0	0
5.3.7	bhashya	1	1	0	0
5.3.8	bhashya	52	25	0	0
5.3.9	bhashya	14	9	0	0
5.3.9	vartika	1	1	0	0
5.3.10	bhashya	152	57	5	5
5.3.11	bhashya	0	0	0	0
5.3.12	bhashya	0	0	0	0
5.3.13	bhashya	0	0	0	0
5.3.14	bhashya	90	28	1	1
5.3.14	vartika	2	1	0	0
5.3.15	bhashya	0	0	0	0
5.3.16	bhashya	0	0	0	0
5.3.17	bhashya	19	3	0	0
5.3.18	bhashya	27	16	1	1
5.3.19	bhashya	20	8	1	1
5.3.19	vartika	3	2	1	1
5.3.20	bhashya	22	11	0	0
5.3.21	bhashya	0	0	0	0
5.3.22	bhashya	135	71	2	2
5.3.22	vartika	1	5	0	0
5.3.23	bhashya	0	0	0	0
5.3.24	bhashya	0	0	0	0
5.3.24	vartika	2	0	0	0
5.3.25	bhashya	0	0	0	0
5.3.26	bhashya	0	0	0	0
5.3.27	bhashya	15	8	1	1
5.3.28	bhashya	137	62	2	2
5.3.29	bhashya	0	0	0	0
5.3.30	bhashya	0	0	0	0
5.3.31	bhashya	16	12	1	1
5.3.32	bhashya	48	21	2	2
5.3.32	vartika	3	1	0	0
5.3.33	bhashya	0	0	0	0
5.3.34	bhashya	0	0	0	0
5.3.35	bhashya	27	13	0	0
5.3.36	bhashya	28	16	2	2
5.3.37	bhashya	0	0	0	0
5.3.38	bhashya	0	0	0	0
5.3.39	bhashya	0	0	0	0
5.3.40	bhashya	0	0	0	0
5.3.41	bhashya	0	0	0	0
5.3.42	bhashya	76	24	8	8
5.3.43	bhashya	0	0	0	0
5.3.44	bhashya	28	14	0	0
5.3.45	bhashya	17	6	0	0
5.3.45	vartika	2	1	0	0
5.3.46	bhashya	0	0	0	0
5.3.47	bhashya	44	16	0	0
5.3.48	bhashya	29	16	3	3
5.3.49	bhashya	0	0	0	0
5.3.50	bhashya	0	0	0	0
5.3.51	bhashya	0	0	0	0
5.3.52	bhashya	98	36	8	8
5.3.53	bhashya	0	0	0	0
5.3.54	bhashya	0	0	0	0
5.3.55	bhashya	821	324	19	19
5.3.56	bhashya	0	0	0	0
5.3.57	bhashya	112	57	2	2
5.3.58	bhashya	29	15	1	1
5.3.59	bhashya	0	0	0	0
5.3.60	bhashya	106	42	3	3
5.3.61	bhashya	0	0	0	0
5.3.62	bhashya	0	0	0	0
5.3.63	bhashya	0	0	0	0
5.3.64	bhashya	0	0	0	0
5.3.65	bhashya	0	0	0	0
5.3.66	bhashya	171	84	10	10
5.3.67	bhashya	216	108	9	9
5.3.68	bhashya	341	123	8	8
5.3.69	bhashya	0	0	0	0
5.3.70	bhashya	0	0	0	0
5.3.71	bhashya	2	1	0	0
5.3.72	bhashya	186	99	8	8
5.3.72	vartika	3	3	1	1
5.3.73	bhashya	0	0	0	0
5.3.74	bhashya	151	66	5	5
5.3.75	bhashya	0	0	0	0
5.3.76	bhashya	0	0	0	0
5.3.77	bhashya	0	0	0	0
5.3.78	bhashya	0	0	0	0
5.3.79	bhashya	0	0	0	0
5.3.80	bhashya	0	0	0	0
5.3.81	bhashya	0	0	0	0
5.3.82	bhashya	0	0	0	0
5.3.83	bhashya	106	52	4	4
5.3.83	vartika	5	12	1	1
5.3.84	bhashya	71	35	2	2
5.3.84	vartika	6	3	0	0
5.3.85	bhashya	1	0	0	0
5.3.86	bhashya	36	8	0	0
5.3.87	bhashya	0	0	0	0
5.3.88	bhashya	39	20	1	1
5.3.89	bhashya	0	0	0	0
5.3.90	bhashya	0	0	0	0
5.3.91	bhashya	38	17	0	0
5.3.92	bhashya	4	3	2	2
5.3.93	bhashya	48	27	2	2
5.3.94	bhashya	20	8	0	0
5.3.95	bhashya	44	17	1	1
5.3.96	bhashya	0	0	0	0
5.3.97	bhashya	0	0	0	0
5.3.98	bhashya	21	10	0	0
5.3.99	bhashya	20	9	1	1
5.3.100	bhashya	0	0	0	0
5.3.101	bhashya	0	0	0	0
5.3.102	bhashya	0	0	0	0
5.3.103	bhashya	0	0	0	0
5.3.104	bhashya	0	0	0	0
5.3.105	bhashya	0	0	0	0
5.3.106	bhashya	34	14	0	0
5.3.107	bhashya	0	0	0	0
5.3.108	bhashya	0	0	0	0
5.3.109	bhashya	0	0	0	0
5.3.110	bhashya	0	0	0	0
5.3.111	bhashya	0	0	0	0
5.3.112	bhashya	0	0	0	0
5.3.113	bhashya	0	0	0	0
5.3.114	bhashya	0	0	0	0
5.3.115	bhashya	0	0	0	0
5.3.116	bhashya	0	0	0	0
5.3.117	bhashya	0	0	0	0
5.3.118	bhashya	47	22	4	4
5.3.119	bhashya	0	0	0	0
5.4.1	bhashya	1	1	0	0
5.4.2	bhashya	0	0	0	0
5.4.3	bhashya	14	9	3	3
5.4.3	vartika	1	1	0	0
5.4.4	bhashya	42	27	2	2
5.4.5	bhashya	20	7	1	1
5.4.6	bhashya	0	0	0	0
5.4.7	bhashya	126	63	4	4
5.4.8	bhashya	38	19	4	4
5.4.9	bhashya	0	0	0	0
5.4.10	bhashya	0	0	0	0
5.4.11	bhashya	0	0	0	0
5.4.12	bhashya	0	0	0	0
5.4.13	bhashya	0	0	0	0
5.4.14	bhashya	35	16	3	3
5.4.15	bhashya	0	0	0	0
5.4.16	bhashya	0	0	0	0
5.4.17	bhashya	0	0	0	0
5.4.18	bhashya	0	0	0	0
5.4.19	bhashya	182	77	5	5
5.4.20	bhashya	0	0	0	0
5.4.21	bhashya	0	0	0	0
5.4.22	bhashya	0	0	0	0
5.4.23	bhashya	0	0	0	0
5.4.24	bhashya	30	13	3	3
5.4.25	bhashya	0	0	0	0
5.4.25	vartika	4	0	0	0
5.4.26	bhashya	0	0	0	0
5.4.27	bhashya	32	16	3	3
5.4.28	bhashya	0	0	0	0
5.4.29	bhashya	0	0	0	0
5.4.30	bhashya	193	82	1	1
5.4.30	vartika	3	3	0	0
5.4.31	bhashya	0	0	0	0
5.4.32	bhashya	0	0	0	0
5.4.33	bhashya	0	0	0	0
5.4.34	bhashya	0	0	0	0
5.4.35	bhashya	0	0	0	0
5.4.36	bhashya	101	62	6	6
5.4.36	vartika	2	6	1	1
5.4.37	bhashya	0	0	0	0
5.4.38	bhashya	0	0	0	0
5.4.39	bhashya	0	0	0	0
5.4.40	bhashya	0	0	0	0
5.4.41	bhashya	0	0	0	0
5.4.42	bhashya	28	11	2	2
5.4.42	vartika	1	1	0	0
5.4.43	bhashya	0	0	0	0
5.4.44	bhashya	14	11	3	3
5.4.44	vartika	2	2	0	0
5.4.45	bhashya	0	0	0	0
5.4.46	bhashya	0	0	0	0
5.4.47	bhashya	0	0	0	0
5.4.48	bhashya	0	0	0	0
5.4.49	bhashya	0	0	0	0
5.4.50	bhashya	66	33	2	2
5.4.50	vartika	3	2	0	0
5.4.51	bhashya	0	0	0	0
5.4.52	bhashya	0	0	0	0
5.4.53	bhashya	0	0	0	0
5.4.54	bhashya	0	0	0	0
5.4.55	bhashya	0	0	0	0
5.4.56	bhashya	0	0	0	0
5.4.57	bhashya	60	25	2	2
5.4.58	bhashya	0	0	0	0
5.4.59	bhashya	0	0	0	0
5.4.60	bhashya	0	0	0	0
5.4.61	bhashya	0	0	0	0
5.4.62	bhashya	0	0	0	0
5.4.63	bhashya	0	0	0	0
5.4.64	bhashya	0	0	0	0
5.4.65	bhashya	0	0	0	0
5.4.66	bhashya	0	0	0	0
5.4.67	bhashya	6	4	0	0
5.4.67	vartika	2	2	0	0
5.4.68	bhashya	175	87	8	8
5.4.69	bhashya	56	26	2	2
5.4.69	vartika	1	1	0	0
5.4.70	bhashya	20	4	0	0
5.4.71	bhashya	0	0	0	0
5.4.72	bhashya	0	0	0	0
5.4.73	bhashya	47	29	0	0
5.4.73	vartika	2	1	0	0
5.4.74	bhashya	76	19	0	0
5.4.74	vartika	1	1	0	0
5.4.75	vartika	2	2	0	0
5.4.75	bhashya	0	0	0	0
5.4.76	bhashya	16	10	0	0
5.4.77	bhashya	84	42	6	6
5.4.77	vartika	3	1	0	0
5.4.78	bhashya	8	6	0	0
5.4.78	vartika	1	1	0	0
5.4.79	bhashya	0	0	0	0
5.4.80	bhashya	0	0	0	0
5.4.81	bhashya	0	0	0	0
5.4.82	bhashya	0	0	0	0
5.4.83	bhashya	0	0	0	0
5.4.84	bhashya	0	0	0	0
5.4.85	bhashya	0	0	0	0
5.4.86	bhashya	0	0	0	0
5.4.87	bhashya	20	14	0	0
5.4.87	vartika	2	2	0	0
5.4.88	bhashya	16	8	0	0
5.4.89	bhashya	0	0	0	0
5.4.90	bhashya	0	0	0	0
5.4.91	bhashya	0	0	0	0
5.4.92	bhashya	0	0	0	0
5.4.93	bhashya	0	0	0	0
5.4.94	bhashya	0	0	0	0
5.4.95	bhashya	0	0	0	0
5.4.96	bhashya	0	0	0	0
5.4.97	bhashya	0	0	0	0
5.4.98	bhashya	0	0	0	0
5.4.99	bhashya	0	0	0	0
5.4.100	bhashya	0	0	0	0
5.4.101	bhashya	0	0	0	0
5.4.102	bhashya	0	0	0	0
5.4.103	bhashya	9	8	0	0
5.4.104	bhashya	0	0	0	0
5.4.105	bhashya	0	0	0	0
5.4.106	bhashya	0	0	0	0
5.4.107	bhashya	0	0	0	0
5.4.108	bhashya	0	0	0	0
5.4.109	bhashya	0	0	0	0
5.4.110	bhashya	0	0	0	0
5.4.111	bhashya	0	0	0	0
5.4.112	bhashya	0	0	0	0
5.4.113	bhashya	29	17	0	0
5.4.114	bhashya	0	0	0	0
5.4.115	bhashya	21	11	0	0
5.4.116	bhashya	63	31	1	1
5.4.116	vartika	2	2	0	0
5.4.117	bhashya	0	0	0	0
5.4.118	bhashya	18	6	2	2
5.4.118	vartika	3	1	0	0
5.4.119	bhashya	9	5	0	0
5.4.119	vartika	1	0	0	0
5.4.120	bhashya	0	0	0	0
5.4.121	bhashya	0	0	0	0
5.4.122	bhashya	0	0	0	0
5.4.123	bhashya	0	0	0	0
5.4.124	bhashya	0	0	0	0
5.4.125	bhashya	0	0	0	0
5.4.126	bhashya	0	0	0	0
5.4.127	bhashya	0	0	0	0
5.4.128	bhashya	0	0	0	0
5.4.129	bhashya	0	0	0	0
5.4.130	bhashya	0	0	0	0
5.4.131	bhashya	17	4	2	2
5.4.132	bhashya	0	0	0	0
5.4.133	bhashya	0	0	0	0
5.4.134	bhashya	0	0	0	0
5.4.135	bhashya	31	14	0	0
5.4.135	vartika	2	2	0	0
5.4.136	bhashya	0	0	0	0
5.4.137	bhashya	0	0	0	0
5.4.138	bhashya	0	0	0	0
5.4.139	bhashya	0	0	0	0
5.4.140	bhashya	0	0	0	0
5.4.141	bhashya	0	0	0	0
5.4.142	bhashya	0	0	0	0
5.4.143	bhashya	0	0	0	0
5.4.144	bhashya	0	0	0	0
5.4.145	bhashya	0	0	0	0
5.4.146	bhashya	0	0	0	0
5.4.147	bhashya	0	0	0	0
5.4.148	bhashya	0	0	0	0
5.4.149	bhashya	0	0	0	0
5.4.150	bhashya	0	0	0	0
5.4.151	bhashya	0	0	0	0
5.4.152	vartika	1	1	0	0
5.4.152	bhashya	0	0	0	0
5.4.153	bhashya	0	0	0	0
5.4.154	bhashya	143	60	10	10
5.4.155	bhashya	0	0	0	0
5.4.156	bhashya	36	17	0	0
5.4.156	vartika	3	1	0	0
5.4.157	bhashya	0	0	0	0
5.4.158	bhashya	0	0	0	0
5.4.159	bhashya	0	0	0	0
5.4.160	bhashya	0	0	0	0
6.1.1	bhashya	708	297	24	24
6.1.2	bhashya	407	159	7	7
6.1.3	bhashya	64	36	0	0
6.1.3	vartika	3	12	0	0
6.1.4	bhashya	47	18	2	2
6.1.5	bhashya	337	161	17	16
6.1.6	bhashya	92	49	4	4
6.1.7	bhashya	74	26	3	3
6.1.8	bhashya	101	34	1	1
6.1.9	bhashya	548	248	15	15
6.1.10	bhashya	0	0	0	0
6.1.11	bhashya	0	0	0	0
6.1.12	bhashya	489	211	7	7
6.1.12	vartika	3	6	0	0
6.1.13	bhashya	603	279	37	34
6.1.14	bhashya	21	11	0	0
6.1.14	vartika	2	1	0	0
6.1.15	bhashya	0	0	0	0
6.1.16	bhashya	151	55	1	1
6.1.17	bhashya	336	165	3	3
6.1.18	bhashya	9	5	1	1
6.1.19	bhashya	0	0	0	0
6.1.20	bhashya	36	10	0	0
6.1.21	bhashya	0	0	0	0
6.1.22	bhashya	0	0	0	0
6.1.23	bhashya	0	0	0	0
6.1.24	bhashya	0	0	0	0
6.1.25	bhashya	0	0	0	0
6.1.26	bhashya	0	0	0	0
6.1.27	bhashya	39	15	0	0
6.1.28	bhashya	40	17	2	2
6.1.28	vartika	2	2	0	0
6.1.29	bhashya	0	0	0	0
6.1.30	bhashya	99	49	1	1
6.1.31	bhashya	0	0	0	0
6.1.32	bhashya	3	2	0	0
6.1.33	bhashya	179	95	2	2
6.1.34	bhashya	0	0	0	0
6.1.35	bhashya	0	0	0	0
6.1.36	bhashya	67	28	3	3
6.1.37	bhashya	468	198	17	17
6.1.37	vartika	2	1	0	0
6.1.38	bhashya	0	0	0	0
6.1.39	bhashya	59	20	1	1
6.1.40	bhashya	0	0	0	0
6.1.41	bhashya	0	0	0	0
6.1.42	bhashya	0	0	0	0
6.1.43	bhashya	0	0	0	0
6.1.44	bhashya	0	0	0	0
6.1.45	bhashya	673	264	17	17
6.1.46	bhashya	0	0	0	0
6.1.47	bhashya	0	0	0	0
6.1.48	bhashya	29	16	1	1
6.1.49	bhashya	32	21	1	1
6.1.50	bhashya	210	76	5	5
6.1.51	bhashya	9	3	0	0
6.1.51	vartika	3	2	0	0
6.1.52	bhashya	0	0	0	0
6.1.53	bhashya	0	0	0	0
6.1.54	bhashya	0	0	0	0
6.1.55	bhashya	0	0	0	0
6.1.56	bhashya	36	10	0	0
6.1.57	bhashya	0	0	0	0
6.1.58	bhashya	36	21	0	0
6.1.59	bhashya	0	0	0	0
6.1.60	bhashya	37	11	0	0
6.1.61	bhashya	149	51	5	5
6.1.61	vartika	2	0	0	0
6.1.62	bhashya	0	0	0	0
6.1.62	vartika	1	0	0	0
6.1.63	bhashya	82	27	2	2
6.1.63	vartika	2	5	0	0
6.1.64	bhashya	224	63	6	5
6.1.64	vartika	3	2	0	0
6.1.65	bhashya	59	23	3	2
6.1.66	bhashya	181	95	11	11
6.1.67	bhashya	107	54	6	4
6.1.68	bhashya	211	87	8	8
6.1.69	bhashya	286	113	8	8
6.1.70	bhashya	72	21	4	3
6.1.71	bhashya	173	85	4	3
6.1.72	bhashya	30	10	2	2
6.1.73	bhashya	0	0	0	0
6.1.74	bhashya	16	10	0	0
6.1.75	bhashya	1	0	0	0
6.1.76	bhashya	19	10	0	0
6.1.76	vartika	6	2	0	0
6.1.77	bhashya	354	127	7	7
6.1.78	bhashya	0	0	0	0
6.1.79	bhashya	98	49	3	3
6.1.79	vartika	1	2	0	0
6.1.80	bhashya	30	12	0	0
6.1.81	bhashya	0	0	0	0
6.1.82	bhashya	16	5	0	0
6.1.83	bhashya	52	20	1	1
6.1.83	vartika	4	2	0	0
6.1.84	bhashya	583	240	15	14
6.1.85	bhashya	799	357	22	22
6.1.86	bhashya	228	92	1	1
6.1.87	bhashya	242	88	5	5
6.1.88	bhashya	0	0	0	0
6.1.89	bhashya	179	77	9	8
6.1.89	vartika	1	5	1	1
6.1.90	bhashya	28	11	1	1
6.1.91	bhashya	485	223	10	10
6.1.92	bhashya	0	0	0	0
6.1.93	bhashya	206	88	11	11
6.1.94	bhashya	111	34	0	0
6.1.94	vartika	2	4	0	0
6.1.95	bhashya	55	22	1	1
6.1.96	bhashya	47	18	1	1
6.1.97	bhashya	0	0	0	0
6.1.98	bhashya	14	8	0	0
6.1.98	vartika	1	0	0	0
6.1.99	bhashya	28	14	2	2
6.1.100	bhashya	0	0	0	0
6.1.101	bhashya	35	12	0	0
6.1.101	vartika	3	0	0	0
6.1.102	bhashya	577	234	20	20
6.1.103	bhashya	142	62	7	7
6.1.104	bhashya	0	0	0	0
6.1.105	bhashya	0	0	0	0
6.1.106	bhashya	0	0	0	0
6.1.107	bhashya	16	3	0	0
6.1.108	bhashya	481	233	27	27
6.1.109	bhashya	0	0	0	0
6.1.110	bhashya	0	0	0	0
6.1.111	bhashya	0	0	0	0
6.1.112	bhashya	31	12	0	0
6.1.113	bhashya	160	64	5	4
6.1.114	bhashya	0	0	0	0
6.1.115	bhashya	112	56	1	1
6.1.116	bhashya	0	0	0	0
6.1.117	bhashya	0	0	0	0
6.1.118	bhashya	0	0	0	0
6.1.119	bhashya	0	0	0	0
6.1.120	bhashya	0	0	0	0
6.1.121	bhashya	0	0	0	0
6.1.122	bhashya	0	0	0	0
6.1.123	bhashya	139	65	8	8
6.1.124	bhashya	23	8	0	0
6.1.125	bhashya	143	62	10	10
6.1.126	bhashya	21	10	0	0
6.1.127	bhashya	135	73	5	5
6.1.127	vartika	1	0	0	0
6.1.128	bhashya	61	28	1	1
6.1.129	bhashya	80	44	10	10
6.1.130	bhashya	30	9	1	1
6.1.131	bhashya	33	14	0	0
6.1.132	bhashya	0	0	0	0
6.1.133	bhashya	0	0	0	0
6.1.134	bhashya	0	0	0	0
6.1.135	bhashya	492	224	9	8
6.1.136	bhashya	0	0	0	0
6.1.137	bhashya	0	0	0	0
6.1.138	bhashya	0	0	0	0
6.1.139	bhashya	0	0	0	0
6.1.140	bhashya	0	0	0	0
6.1.141	bhashya	0	0	0	0
6.1.142	bhashya	14	10	0	0
6.1.142	vartika	1	1	0	0
6.1.143	bhashya	0	0	0	0
6.1.144	bhashya	48	16	1	1
6.1.145	bhashya	33	14	0	0
6.1.146	bhashya	0	0	0	0
6.1.147	bhashya	61	23	2	2
6.1.148	bhashya	0	0	0	0
6.1.149	bhashya	0	0	0	0
6.1.150	bhashya	34	10	0	0
6.1.151	bhashya	0	0	0	0
6.1.152	bhashya	0	0	0	0
6.1.153	bhashya	0	0	0	0
6.1.154	bhashya	30	13	0	0
6.1.155	bhashya	0	0	0	0
6.1.156	bhashya	0	0	0	0
6.1.157	bhashya	34	19	0	0
6.1.157	vartika	4	2	0	0
6.1.158	bhashya	586	276	24	24
6.1.159	bhashya	62	17	2	2
6.1.160	bhashya	0	0	0	0
6.1.161	bhashya	178	74	2	2
6.1.162	bhashya	154	62	5	5
6.1.163	bhashya	49	15	1	1
6.1.164	bhashya	0	0	0	0
6.1.165	bhashya	0	0	0	0
6.1.166	bhashya	106	38	6	6
6.1.167	bhashya	206	88	6	6
6.1.168	bhashya	109	41	4	1
6.1.169	bhashya	25	15	2	2
6.1.170	bhashya	0	0	0	0
6.1.171	bhashya	22	15	0	0
6.1.171	vartika	2	2	0	0
6.1.172	bhashya	81	32	2	2
6.1.173	bhashya	12	6	0	0
6.1.173	vartika	1	1	0	0
6.1.174	bhashya	61	39	10	10
6.1.175	bhashya	0	0	0	0
6.1.176	bhashya	18	11	1	1
6.1.177	bhashya	154	63	19	19
6.1.178	bhashya	0	0	0	0
6.1.179	bhashya	0	0	0	0
6.1.180	bhashya	0	0	0	0
6.1.181	bhashya	0	0	0	0
6.1.182	bhashya	129	52	8	4
6.1.183	bhashya	0	0	0	0
6.1.184	bhashya	0	0	0	0
6.1.185	bhashya	103	41	4	4
6.1.186	bhashya	368	185	5	5
6.1.187	bhashya	25	8	0	0
6.1.188	bhashya	22	14	0	0
6.1.189	bhashya	0	0	0	0
6.1.190	bhashya	28	15	0	0
6.1.191	bhashya	12	5	2	2
6.1.192	bhashya	166	60	7	7
6.1.193	bhashya	0	0	0	0
6.1.194	bhashya	0	0	0	0
6.1.195	bhashya	100	41	6	6
6.1.196	bhashya	22	8	0	0
6.1.197	bhashya	0	0	0	0
6.1.198	bhashya	0	0	0	0
6.1.199	bhashya	0	0	0	0
6.1.200	bhashya	0	0	0	0
6.1.201	bhashya	0	0	0	0
6.1.202	bhashya	0	0	0	0
6.1.203	bhashya	0	0	0	0
6.1.204	bhashya	122	62	10	9
6.1.205	bhashya	107	41	5	5
6.1.206	bhashya	0	0	0	0
6.1.207	bhashya	34	19	1	1
6.1.208	bhashya	35	9	0	0
6.1.209	bhashya	0	0	0	0
6.1.210	bhashya	0	0	0	0
6.1.211	bhashya	0	0	0	0
6.1.212	bhashya	0	0	0	0
6.1.213	bhashya	0	0	0	0
6.1.214	bhashya	0	0	0	0
6.1.215	bhashya	33	9	0	0
6.1.216	bhashya	0	0	0	0
6.1.217	bhashya	28	10	1	1
6.1.218	bhashya	0	0	0	0
6.1.219	bhashya	0	0	0	0
6.1.220	bhashya	2	0	0	0
6.1.221	bhashya	28	13	2	2
6.1.222	bhashya	138	63	6	6
6.1.222	vartika	3	2	0	0
6.1.223	bhashya	235	103	8	8
6.2.1	bhashya	298	127	15	15
6.2.2	bhashya	92	49	7	6
6.2.3	bhashya	0	0	0	0
6.2.4	bhashya	0	0	0	0
6.2.5	bhashya	0	0	0	0
6.2.6	bhashya	0	0	0	0
6.2.7	bhashya	0	0	0	0
6.2.8	bhashya	0	0	0	0
6.2.9	bhashya	0	0	0	0
6.2.10	bhashya	0	0	0	0
6.2.11	bhashya	98	35	9	9
6.2.12	bhashya	0	0	0	0
6.2.13	bhashya	0	0	0	0
6.2.14	bhashya	0	0	0	0
6.2.15	bhashya	0	0	0	0
6.2.16	bhashya	0	0	0	0
6.2.17	bhashya	0	0	0	0
6.2.18	bhashya	0	0	0	0
6.2.19	bhashya	0	0	0	0
6.2.20	bhashya	0	0	0	0
6.2.21	bhashya	0	0	0	0
6.2.22	bhashya	0	0	0	0
6.2.23	bhashya	0	0	0	0
6.2.24	bhashya	0	0	0	0
6.2.25	bhashya	0	0	0	0
6.2.26	bhashya	0	0	0	0
6.2.27	bhashya	0	0	0	0
6.2.28	bhashya	0	0	0	0
6.2.29	bhashya	31	21	0	0
6.2.30	bhashya	0	0	0	0
6.2.31	bhashya	0	0	0	0
6.2.32	bhashya	0	0	0	0
6.2.33	bhashya	56	28	2	2
6.2.34	bhashya	0	0	0	0
6.2.35	bhashya	0	0	0	0
6.2.36	bhashya	37	20	7	7
6.2.37	bhashya	0	0	0	0
6.2.38	bhashya	30	8	0	0
6.2.39	bhashya	0	0	0	0
6.2.40	bhashya	0	0	0	0
6.2.41	bhashya	0	0	0	0
6.2.42	bhashya	66	34	2	2
6.2.42	vartika	1	1	0	0
6.2.43	bhashya	0	0	0	0
6.2.44	bhashya	0	0	0	0
6.2.45	bhashya	0	0	0	0
6.2.46	bhashya	0	0	0	0
6.2.47	bhashya	43	14	0	0
6.2.47	vartika	3	1	0	0
6.2.48	bhashya	0	0	0	0
6.2.49	bhashya	253	122	18	16
6.2.50	bhashya	87	36	6	6
6.2.51	bhashya	0	0	0	0
6.2.52	bhashya	341	173	22	21
6.2.53	bhashya	0	0	0	0
6.2.54	bhashya	0	0	0	0
6.2.55	bhashya	0	0	0	0
6.2.56	bhashya	0	0	0	0
6.2.57	bhashya	0	0	0	0
6.2.58	bhashya	0	0	0	0
6.2.59	bhashya	0	0	0	0
6.2.60	bhashya	0	0	0	0
6.2.61	bhashya	0	0	0	0
6.2.62	bhashya	0	0	0	0
6.2.63	bhashya	0	0	0	0
6.2.64	bhashya	0	0	0	0
6.2.65	bhashya	0	0	0	0
6.2.66	bhashya	0	0	0	0
6.2.67	bhashya	0	0	0	0
6.2.68	bhashya	0	0	0	0
6.2.69	bhashya	0	0	0	0
6.2.70	bhashya	0	0	0	0
6.2.71	bhashya	0	0	0	0
6.2.72	bhashya	0	0	0	0
6.2.73	bhashya	0	0	0	0
6.2.74	bhashya	0	0	0	0
6.2.75	bhashya	0	0	0	0
6.2.76	bhashya	0	0	0	0
6.2.77	bhashya	0	0	0	0
6.2.78	bhashya	0	0	0	0
6.2.79	bhashya	0	0	0	0
6.2.80	bhashya	80	38	5	5
6.2.81	bhashya	0	0	0	0
6.2.82	bhashya	28	15	2	2
6.2.83	bhashya	0	0	0	0
6.2.84	bhashya	0	0	0	0
6.2.85	bhashya	0	0	0	0
6.2.86	bhashya	0	0	0	0
6.2.87	bhashya	0	0	0	0
6.2.88	bhashya	0	0	0	0
6.2.89	bhashya	0	0	0	0
6.2.90	bhashya	0	0	0	0
6.2.91	bhashya	11	8	0	0
6.2.91	vartika	3	3	0	0
6.2.92	bhashya	1	0	0	0
6.2.93	bhashya	70	29	5	5
6.2.93	vartika	4	3	0	0
6.2.94	bhashya	0	0	0	0
6.2.95	bhashya	0	0	0	0
6.2.96	bhashya	0	0	0	0
6.2.97	bhashya	0	0	0	0
6.2.98	bhashya	0	0	0	0
6.2.99	bhashya	0	0	0	0
6.2.100	bhashya	0	0	0	0
6.2.101	bhashya	0	0	0	0
6.2.102	bhashya	0	0	0	0
6.2.103	bhashya	0	0	0	0
6.2.104	bhashya	0	0	0	0
6.2.105	bhashya	34	12	3	3
6.2.106	bhashya	37	32	2	2
6.2.107	bhashya	1	1	0	0
6.2.108	bhashya	28	15	2	2
6.2.109	bhashya	0	0	0	0
6.2.110	bhashya	0	0	0	0
6.2.111	bhashya	0	0	0	0
6.2.112	bhashya	0	0	0	0
6.2.113	bhashya	0	0	0	0
6.2.114	bhashya	0	0	0	0
6.2.115	bhashya	0	0	0	0
6.2.116	bhashya	0	0	0	0
6.2.117	bhashya	35	15	4	4
6.2.118	bhashya	0	0	0	0
6.2.119	bhashya	0	0	0	0
6.2.120	bhashya	0	0	0	0
6.2.121	bhashya	22	16	0	0
6.2.122	bhashya	0	0	0	0
6.2.123	bhashya	0	0	0	0
6.2.124	bhashya	0	0	0	0
6.2.125	bhashya	0	0	0	0
6.2.126	bhashya	2	2	0	0
6.2.127	bhashya	0	0	0	0
6.2.128	bhashya	0	0	0	0
6.2.129	bhashya	0	0	0	0
6.2.130	bhashya	32	18	0	0
6.2.130	vartika	3	2	0	0
6.2.131	bhashya	0	0	0	0
6.2.132	bhashya	0	0	0	0
6.2.133	bhashya	0	0	0	0
6.2.134	bhashya	0	0	0	0
6.2.135	bhashya	0	0	0	0
6.2.136	bhashya	24	14	2	2
6.2.137	bhashya	0	0	0	0
6.2.138	bhashya	0	0	0	0
6.2.139	bhashya	239	95	22	22
6.2.140	bhashya	0	0	0	0
6.2.141	bhashya	0	0	0	0
6.2.142	bhashya	0	0	0	0
6.2.143	bhashya	131	69	6	6
6.2.144	bhashya	0	0	0	0
6.2.145	bhashya	0	0	0	0
6.2.146	bhashya	0	0	0	0
6.2.147	bhashya	0	0	0	0
6.2.148	bhashya	23	12	1	1
6.2.149	bhashya	0	0	0	0
6.2.150	bhashya	0	0	0	0
6.2.151	bhashya	0	0	0	0
6.2.152	bhashya	0	0	0	0
6.2.153	bhashya	0	0	0	0
6.2.154	bhashya	0	0	0	0
6.2.155	bhashya	0	0	0	0
6.2.156	bhashya	0	0	0	0
6.2.157	bhashya	0	0	0	0
6.2.158	bhashya	0	0	0	0
6.2.159	bhashya	0	0	0	0
6.2.160	vartika	1	1	0	0
6.2.160	bhashya	0	0	0	0
6.2.161	bhashya	0	0	0	0
6.2.162	bhashya	0	0	0	0
6.2.163	bhashya	0	0	0	0
6.2.164	bhashya	0	0	0	0
6.2.165	bhashya	10	6	1	1
6.2.165	vartika	2	1	0	0
6.2.166	bhashya	0	0	0	0
6.2.167	bhashya	0	0	0	0
6.2.168	bhashya	0	0	0	0
6.2.169	bhashya	0	0	0	0
6.2.170	bhashya	0	0	0	0
6.2.171	bhashya	0	0	0	0
6.2.172	bhashya	0	0	0	0
6.2.173	bhashya	0	0	0	0
6.2.174	bhashya	0	0	0	0
6.2.175	bhashya	85	21	1	1
6.2.176	bhashya	0	0	0	0
6.2.177	bhashya	39	19	1	1
6.2.178	bhashya	0	0	0	0
6.2.179	bhashya	0	0	0	0
6.2.180	bhashya	0	0	0	0
6.2.181	bhashya	0	0	0	0
6.2.182	bhashya	0	0	0	0
6.2.183	bhashya	0	0	0	0
6.2.184	bhashya	0	0	0	0
6.2.185	bhashya	1	1	0	0
6.2.186	bhashya	19	10	0	0
6.2.187	bhashya	16	8	0	0
6.2.188	bhashya	0	0	0	0
6.2.189	bhashya	0	0	0	0
6.2.190	bhashya	0	0	0	0
6.2.191	bhashya	20	8	0	0
6.2.191	vartika	3	2	0	0
6.2.192	bhashya	0	0	0	0
6.2.193	bhashya	0	0	0	0
6.2.194	bhashya	0	0	0	0
6.2.195	bhashya	0	0	0	0
6.2.196	bhashya	0	0	0	0
6.2.197	bhashya	137	80	4	4
6.2.198	bhashya	0	0	0	0
6.2.199	bhashya	34	20	1	1
6.2.199	vartika	2	2	0	0
6.3.1	bhashya	144	68	6	5
6.3.2	bhashya	29	21	4	4
6.3.2	vartika	2	2	0	0
6.3.3	bhashya	26	18	2	2
6.3.3	vartika	3	2	1	1
6.3.4	bhashya	0	0	0	0
6.3.5	bhashya	39	15	3	3
6.3.6	bhashya	0	0	0	0
6.3.6	vartika	1	0	0	0
6.3.7	bhashya	54	30	5	5
6.3.8	bhashya	53	28	5	5
6.3.9	bhashya	110	50	4	4
6.3.9	vartika	1	1	0	0
6.3.10	bhashya	140	50	7	7
6.3.11	bhashya	5	5	0	0
6.3.11	vartika	1	0	0	0
6.3.12	bhashya	0	0	0	0
6.3.13	bhashya	70	24	4	4
6.3.14	bhashya	96	35	4	4
6.3.15	bhashya	0	0	0	0
6.3.16	bhashya	0	0	0	0
6.3.17	bhashya	0	0	0	0
6.3.18	vartika	2	1	0	0
6.3.18	bhashya	0	0	0	0
6.3.19	bhashya	0	0	0	0
6.3.20	bhashya	0	0	0	0
6.3.21	bhashya	53	36	3	3
6.3.21	vartika	2	5	0	0
6.3.22	bhashya	0	0	0	0
6.3.23	bhashya	24	14	2	2
6.3.23	vartika	1	1	0	0
6.3.24	bhashya	0	0	0	0
6.3.25	bhashya	219	79	6	6
6.3.26	bhashya	42	22	0	0
6.3.26	vartika	3	2	0	0
6.3.27	bhashya	0	0	0	0
6.3.28	bhashya	12	8	3	3
6.3.28	vartika	1	0	0	0
6.3.29	bhashya	0	0	0	0
6.3.30	bhashya	0	0	0	0
6.3.31	bhashya	0	0	0	0
6.3.32	bhashya	24	13	0	0
6.3.33	bhashya	25	13	0	0
6.3.34	bhashya	804	401	49	49
6.3.35	bhashya	241	92	6	4
6.3.35	vartika	1	4	0	0
6.3.36	bhashya	24	16	1	1
6.3.37	bhashya	78	37	6	5
6.3.37	vartika	2	2	0	0
6.3.38	bhashya	0	0	0	0
6.3.39	bhashya	0	0	0	0
6.3.40	bhashya	22	13	1	1
6.3.40	vartika	2	1	0	0
6.3.41	bhashya	0	0	0	0
6.3.42	bhashya	250	130	8	8
6.3.42	vartika	1	1	0	0
6.3.43	bhashya	124	49	3	3
6.3.44	vartika	1	1	0	0
6.3.44	bhashya	0	0	0	0
6.3.45	bhashya	0	0	0	0
6.3.46	bhashya	275	109	14	14
6.3.46	vartika	2	2	0	0
6.3.47	bhashya	12	7	0	0
6.3.47	vartika	2	2	0	0
6.3.48	bhashya	0	0	0	0
6.3.49	bhashya	53	24	1	1
6.3.50	bhashya	88	49	4	4
6.3.51	bhashya	0	0	0	0
6.3.52	bhashya	38	20	1	1
6.3.53	bhashya	12	5	0	0
6.3.53	vartika	2	1	0	0
6.3.54	bhashya	0	0	0	0
6.3.55	bhashya	0	0	0	0
6.3.56	bhashya	10	7	0	0
6.3.56	vartika	3	1	0	0
6.3.57	bhashya	14	6	0	0
6.3.57	vartika	2	2	1	1
6.3.58	bhashya	0	0	0	0
6.3.59	bhashya	61	34	5	5
6.3.60	bhashya	0	0	0	0
6.3.61	bhashya	101	55	5	5
6.3.61	vartika	2	3	0	0
6.3.62	bhashya	66	31	3	3
6.3.63	bhashya	0	0	0	0
6.3.64	bhashya	0	0	0	0
6.3.65	bhashya	0	0	0	0
6.3.66	bhashya	147	67	14	11
6.3.67	bhashya	0	0	0	0
6.3.68	bhashya	214	106	11	11
6.3.69	bhashya	0	0	0	0
6.3.70	bhashya	107	69	2	2
6.3.70	vartika	3	8	0	0
6.3.71	bhashya	0	0	0	0
6.3.72	bhashya	33	10	1	1
6.3.73	bhashya	60	29	3	3
6.3.73	vartika	3	1	0	0
6.3.74	bhashya	66	23	4	4
6.3.75	bhashya	0	0	0	0
6.3.76	bhashya	98	34	1	1
6.3.77	bhashya	0	0	0	0
6.3.78	bhashya	46	15	3	3
6.3.79	bhashya	18	12	2	2
6.3.80	bhashya	0	0	0	0
6.3.81	bhashya	0	0	0	0
6.3.82	bhashya	105	52	3	3
6.3.83	bhashya	13	5	0	0
6.3.83	vartika	2	1	0	0
6.3.84	bhashya	0	0	0	0
6.3.85	bhashya	0	0	0	0
6.3.86	bhashya	24	14	0	0
6.3.87	bhashya	0	0	0	0
6.3.88	bhashya	0	0	0	0
6.3.89	bhashya	11	9	0	0
6.3.89	vartika	3	1	0	0
6.3.90	vartika	3	1	0	0
6.3.90	bhashya	0	0	0	0
6.3.91	vartika	3	1	0	0
6.3.91	bhashya	0	0	0	0
6.3.92	bhashya	42	23	1	1
6.3.92	vartika	4	2	0	0
6.3.93	bhashya	67	28	4	4
6.3.94	bhashya	0	0	0	0
6.3.95	bhashya	41	20	1	1
6.3.96	bhashya	0	0	0	0
6.3.97	bhashya	22	7	0	0
6.3.97	vartika	1	1	0	0
6.3.98	bhashya	16	8	0	0
6.3.99	bhashya	21	11	1	1
6.3.100	bhashya	0	0	0	0
6.3.101	bhashya	19	5	0	0
6.3.101	vartika	1	0	0	0
6.3.102	bhashya	0	0	0	0
6.3.103	bhashya	0	0	0	0
6.3.104	bhashya	0	0	0	0
6.3.105	bhashya	0	0	0	0
6.3.106	bhashya	0	0	0	0
6.3.107	bhashya	0	0	0	0
6.3.108	bhashya	0	0	0	0
6.3.109	bhashya	251	111	4	4
6.3.109	vartika	3	5	0	0
6.3.110	bhashya	0	0	0	0
6.3.111	bhashya	61	14	3	3
6.3.112	bhashya	94	46	3	3
6.3.113	bhashya	0	0	0	0
6.3.114	bhashya	0	0	0	0
6.3.115	bhashya	0	0	0	0
6.3.116	bhashya	67	29	4	4
6.3.117	bhashya	0	0	0	0
6.3.118	bhashya	0	0	0	0
6.3.119	bhashya	0	0	0	0
6.3.120	bhashya	0	0	0	0
6.3.121	bhashya	11	3	0	0
6.3.121	vartika	2	1	0	0
6.3.122	bhashya	49	18	1	1
6.3.123	bhashya	0	0	0	0
6.3.124	bhashya	55	20	3	3
6.3.125	bhashya	0	0	0	0
6.3.126	vartika	4	2	0	0
6.3.126	bhashya	0	0	0	0
6.3.127	bhashya	0	0	0	0
6.3.128	bhashya	0	0	0	0
6.3.129	bhashya	0	0	0	0
6.3.130	bhashya	0	0	0	0
6.3.131	bhashya	0	0	0	0
6.3.132	bhashya	0	0	0	0
6.3.133	bhashya	0	0	0	0
6.3.134	bhashya	0	0	0	0
6.3.135	bhashya	0	0	0	0
6.3.136	bhashya	0	0	0	0
6.3.137	vartika	3	1	0	0
6.3.137	bhashya	0	0	0	0
6.3.138	bhashya	20	6	0	0
6.3.139	bhashya	51	28	3	3
6.4.1	bhashya	414	183	23	23
6.4.2	bhashya	72	27	1	1
6.4.3	bhashya	136	58	8	8
6.4.4	bhashya	0	0	0	0
6.4.5	bhashya	0	0	0	0
6.4.6	bhashya	0	0	0	0
6.4.7	bhashya	0	0	0	0
6.4.8	bhashya	0	0	0	0
6.4.9	bhashya	0	0	0	0
6.4.10	bhashya	0	0	0	0
6.4.11	bhashya	0	0	0	0
6.4.12	bhashya	2	1	0	0
6.4.13	bhashya	221	87	19	19
6.4.14	bhashya	135	59	6	6
6.4.15	bhashya	0	0	0	0
6.4.16	bhashya	122	63	5	5
6.4.16	vartika	2	2	0	0
6.4.17	bhashya	0	0	0	0
6.4.18	bhashya	0	0	0	0
6.4.19	bhashya	242	91	3	3
6.4.20	bhashya	0	0	0	0
6.4.21	bhashya	0	0	0	0
6.4.22	bhashya	1192	452	26	26
6.4.22	vartika	3	1	0	0
6.4.23	bhashya	103	35	7	7
6.4.24	bhashya	127	56	3	3
6.4.24	vartika	3	3	0	0
6.4.25	bhashya	0	0	0	0
6.4.26	bhashya	0	0	0	0
6.4.27	bhashya	0	0	0	0
6.4.28	bhashya	0	0	0	0
6.4.29	bhashya	0	0	0	0
6.4.30	bhashya	0	0	0	0
6.4.31	bhashya	0	0	0	0
6.4.32	bhashya	0	0	0	0
6.4.33	bhashya	0	0	0	0
6.4.34	bhashya	156	58	4	4
6.4.34	vartika	1	2	0	0
6.4.35	bhashya	0	0	0	0
6.4.36	bhashya	0	0	0	0
6.4.37	bhashya	26	9	0	0
6.4.38	bhashya	0	0	0	0
6.4.39	bhashya	0	0	0	0
6.4.40	bhashya	19	7	0	0
6.4.40	vartika	3	4	0	0
6.4.41	bhashya	0	0	0	0
6.4.42	bhashya	390	160	20	20
6.4.43	bhashya	0	0	0	0
6.4.44	bhashya	0	0	0	0
6.4.45	bhashya	39	9	1	1
6.4.46	bhashya	175	60	4	4
6.4.47	bhashya	139	65	2	2
6.4.48	bhashya	143	60	6	6
6.4.48	vartika	2	2	0	0
6.4.49	bhashya	159	62	11	8
6.4.50	bhashya	0	0	0	0
6.4.51	bhashya	46	13	2	2
6.4.52	bhashya	183	82	12	12
6.4.53	bhashya	0	0	0	0
6.4.54	bhashya	0	0	0	0
6.4.55	bhashya	41	18	2	2
6.4.56	bhashya	61	29	4	4
6.4.57	bhashya	40	19	2	2
6.4.58	bhashya	0	0	0	0
6.4.59	bhashya	0	0	0	0
6.4.60	bhashya	0	0	0	0
6.4.61	bhashya	0	0	0	0
6.4.62	bhashya	421	187	15	15
6.4.63	bhashya	0	0	0	0
6.4.64	bhashya	82	32	4	4
6.4.65	bhashya	0	0	0	0
6.4.66	bhashya	54	14	1	1
6.4.67	bhashya	0	0	0	0
6.4.68	bhashya	0	0	0	0
6.4.69	bhashya	0	0	0	0
6.4.70	bhashya	0	0	0	0
6.4.71	bhashya	0	0	0	0
6.4.72	bhashya	0	0	0	0
6.4.73	bhashya	0	0	0	0
6.4.74	bhashya	261	105	10	10
6.4.75	bhashya	0	0	0	0
6.4.76	bhashya	0	0	0	0
6.4.77	bhashya	30	12	0	0
6.4.77	vartika	3	1	0	0
6.4.78	bhashya	0	0	0	0
6.4.79	bhashya	0	0	0	0
6.4.80	bhashya	0	0	0	0
6.4.81	bhashya	0	0	0	0
6.4.82	bhashya	92	42	4	4
6.4.82	vartika	3	1	0	0
6.4.83	bhashya	0	0	0	0
6.4.84	bhashya	24	14	0	0
6.4.84	vartika	3	2	0	0
6.4.85	bhashya	0	0	0	0
6.4.86	bhashya	0	0	0	0
6.4.87	bhashya	104	38	3	3
6.4.88	bhashya	0	0	0	0
6.4.89	bhashya	94	48	6	6
6.4.90	bhashya	44	24	2	2
6.4.91	bhashya	0	0	0	0
6.4.92	bhashya	0	0	0	0
6.4.93	bhashya	77	35	2	2
6.4.94	bhashya	0	0	0	0
6.4.95	bhashya	0	0	0	0
6.4.96	bhashya	33	17	1	1
6.4.97	bhashya	0	0	0	0
6.4.98	bhashya	0	0	0	0
6.4.99	bhashya	0	0	0	0
6.4.100	bhashya	18	7	0	0
6.4.101	bhashya	118	57	2	2
6.4.102	bhashya	0	0	0	0
6.4.103	bhashya	0	0	0	0
6.4.104	bhashya	116	42	4	4
6.4.105	bhashya	0	0	0	0
6.4.106	bhashya	132	53	5	5
6.4.107	bhashya	0	0	0	0
6.4.108	bhashya	0	0	0	0
6.4.109	bhashya	0	0	0	0
6.4.110	bhashya	250	112	11	10
6.4.111	bhashya	0	0	0	0
6.4.112	bhashya	0	0	0	0
6.4.113	bhashya	0	0	0	0
6.4.114	bhashya	35	21	2	2
6.4.114	vartika	9	2	0	0
6.4.115	bhashya	0	0	0	0
6.4.116	bhashya	0	0	0	0
6.4.117	bhashya	0	0	0	0
6.4.118	bhashya	0	0	0	0
6.4.119	bhashya	0	0	0	0
6.4.120	bhashya	195	90	5	5
6.4.120	vartika	1	1	0	0
6.4.121	bhashya	85	24	0	0
6.4.122	vartika	2	2	0	0
6.4.122	bhashya	0	0	0	0
6.4.123	bhashya	73	27	4	4
6.4.124	bhashya	0	0	0	0
6.4.125	bhashya	0	0	0	0
6.4.126	bhashya	0	0	0	0
6.4.127	bhashya	1	1	0	0
6.4.128	bhashya	46	19	0	0
6.4.129	bhashya	0	0	0	0
6.4.130	bhashya	263	115	11	9
6.4.131	bhashya	0	0	0	0
6.4.132	bhashya	68	30	3	3
6.4.133	bhashya	81	32	1	1
6.4.134	bhashya	0	0	0	0
6.4.135	bhashya	98	45	7	7
6.4.136	bhashya	0	0	0	0
6.4.137	bhashya	0	0	0	0
6.4.138	bhashya	0	0	0	0
6.4.139	bhashya	0	0	0	0
6.4.140	bhashya	67	18	3	3
6.4.141	bhashya	43	19	4	4
6.4.142	bhashya	46	18	2	2
6.4.143	bhashya	12	4	0	0
6.4.144	bhashya	95	43	1	1
6.4.144	vartika	2	3	0	0
6.4.145	bhashya	0	0	0	0
6.4.146	bhashya	0	0	0	0
6.4.147	bhashya	0	0	0	0
6.4.148	bhashya	173	70	6	6
6.4.148	vartika	4	1	0	0
6.4.149	bhashya	170	68	4	4
6.4.149	vartika	4	3	0	0
6.4.150	bhashya	0	0	0	0
6.4.151	bhashya	0	0	0	0
6.4.152	bhashya	0	0	0	0
6.4.153	bhashya	69	27	2	0
6.4.154	bhashya	43	16	0	0
6.4.155	bhashya	40	21	0	0
6.4.155	vartika	5	3	0	0
6.4.156	bhashya	0	0	0	0
6.4.157	bhashya	0	0	0	0
6.4.158	bhashya	0	0	0	0
6.4.159	bhashya	17	4	1	1
6.4.160	bhashya	66	24	0	0
6.4.161	bhashya	184	81	4	4
6.4.162	bhashya	0	0	0	0
6.4.163	bhashya	271	110	20	19
6.4.163	vartika	3	2	1	1
6.4.164	bhashya	0	0	0	0
6.4.165	bhashya	0	0	0	0
6.4.166	bhashya	0	0	0	0
6.4.167	bhashya	0	0	0	0
6.4.168	bhashya	0	0	0	0
6.4.169	bhashya	0	0	0	0
6.4.170	bhashya	21	4	0	0
6.4.170	vartika	5	1	0	0
6.4.171	bhashya	99	34	1	1
6.4.172	bhashya	35	13	2	2
6.4.173	bhashya	0	0	0	0
6.4.174	bhashya	160	76	5	5
6.4.175	bhashya	0	0	0	0
7.1.1	bhashya	646	232	29	26
7.1.2	bhashya	139	61	2	2
7.1.3	bhashya	162	66	5	4
7.1.4	bhashya	0	0	0	0
7.1.5	bhashya	0	0	0	0
7.1.6	bhashya	151	50	8	8
7.1.7	bhashya	66	17	5	5
7.1.8	bhashya	66	17	5	5
7.1.9	bhashya	122	32	5	5
7.1.10	bhashya	0	0	0	0
7.1.11	bhashya	18	6	0	0
7.1.12	bhashya	120	35	1	1
7.1.13	bhashya	32	13	0	0
7.1.14	bhashya	82	43	5	5
7.1.15	bhashya	0	0	0	0
7.1.16	bhashya	0	0	0	0
7.1.17	bhashya	42	6	2	2
7.1.18	bhashya	100	32	8	8
7.1.19	bhashya	0	0	0	0
7.1.20	bhashya	42	6	2	2
7.1.21	bhashya	130	38	6	5
7.1.22	bhashya	0	0	0	0
7.1.23	bhashya	138	73	9	9
7.1.24	bhashya	0	0	0	0
7.1.25	bhashya	38	19	1	1
7.1.26	bhashya	62	35	2	2
7.1.26	vartika	2	1	0	0
7.1.27	bhashya	108	35	4	4
7.1.28	bhashya	90	39	4	4
7.1.29	bhashya	0	0	0	0
7.1.30	bhashya	53	20	2	2
7.1.31	bhashya	0	0	0	0
7.1.32	bhashya	0	0	0	0
7.1.33	bhashya	188	64	6	6
7.1.34	bhashya	53	15	0	0
7.1.35	bhashya	0	0	0	0
7.1.36	bhashya	61	28	4	4
7.1.37	bhashya	289	106	16	15
7.1.38	bhashya	0	0	0	0
7.1.39	vartika	1	2	0	0
7.1.39	bhashya	0	0	0	0
7.1.40	bhashya	85	27	0	0
7.1.41	bhashya	0	0	0	0
7.1.42	bhashya	0	0	0	0
7.1.43	bhashya	0	0	0	0
7.1.44	bhashya	0	0	0	0
7.1.45	bhashya	0	0	0	0
7.1.46	bhashya	0	0	0	0
7.1.47	bhashya	0	0	0	0
7.1.48	bhashya	0	0	0	0
7.1.49	bhashya	0	0	0	0
7.1.50	bhashya	117	45	6	6
7.1.51	bhashya	41	22	0	0
7.1.51	vartika	4	4	0	0
7.1.52	bhashya	277	101	11	10
7.1.53	bhashya	277	101	11	10
7.1.54	bhashya	277	101	11	10
7.1.54	vartika	2	2	0	0
7.1.55	bhashya	0	0	0	0
7.1.56	bhashya	33	11	2	2
7.1.57	bhashya	0	0	0	0
7.1.58	bhashya	84	33	3	3
7.1.59	bhashya	53	11	1	1
7.1.59	vartika	3	2	1	1
7.1.60	bhashya	0	0	0	0
7.1.61	bhashya	0	0	0	0
7.1.62	bhashya	22	10	0	0
7.1.63	bhashya	0	0	0	0
7.1.64	bhashya	0	0	0	0
7.1.65	bhashya	36	8	1	1
7.1.66	bhashya	0	0	0	0
7.1.67	bhashya	0	0	0	0
7.1.68	bhashya	59	24	0	0
7.1.69	bhashya	25	13	0	0
7.1.70	bhashya	33	16	1	1
7.1.71	bhashya	0	0	0	0
7.1.72	bhashya	363	128	15	15
7.1.72	vartika	3	2	0	0
7.1.73	bhashya	278	87	6	6
7.1.74	bhashya	158	86	5	5
7.1.75	bhashya	0	0	0	0
7.1.76	bhashya	0	0	0	0
7.1.77	bhashya	84	30	2	2
7.1.78	bhashya	48	20	3	3
7.1.79	bhashya	0	0	0	0
7.1.80	bhashya	43	14	0	0
7.1.81	bhashya	17	8	1	1
7.1.82	bhashya	123	50	5	5
7.1.83	bhashya	0	0	0	0
7.1.84	bhashya	44	18	1	1
7.1.85	bhashya	0	0	0	0
7.1.86	bhashya	22	10	0	0
7.1.87	bhashya	0	0	0	0
7.1.88	bhashya	0	0	0	0
7.1.89	bhashya	69	35	3	3
7.1.90	bhashya	162	63	6	6
7.1.90	vartika	3	0	0	0
7.1.91	bhashya	0	0	0	0
7.1.92	bhashya	0	0	0	0
7.1.93	bhashya	0	0	0	0
7.1.94	bhashya	0	0	0	0
7.1.95	bhashya	610	227	16	16
7.1.96	bhashya	609	228	16	16
7.1.97	bhashya	0	0	0	0
7.1.98	bhashya	11	5	0	0
7.1.99	bhashya	0	0	0	0
7.1.100	bhashya	47	21	1	1
7.1.101	bhashya	47	21	1	1
7.1.102	bhashya	47	21	1	1
7.1.103	bhashya	0	0	0	0
7.2.1	bhashya	79	36	2	2
7.2.2	bhashya	51	12	1	1
7.2.3	bhashya	380	146	12	11
7.2.4	bhashya	0	0	0	0
7.2.5	bhashya	66	25	0	0
7.2.6	bhashya	0	0	0	0
7.2.7	bhashya	0	0	0	0
7.2.8	bhashya	261	107	3	3
7.2.9	bhashya	11	8	0	0
7.2.9	vartika	2	2	0	0
7.2.10	bhashya	401	170	11	11
7.2.11	bhashya	0	0	0	0
7.2.12	bhashya	0	0	0	0
7.2.13	bhashya	26	10	0	0
7.2.14	bhashya	22	12	0	0
7.2.15	bhashya	23	8	0	0
7.2.16	bhashya	34	11	0	0
7.2.17	bhashya	34	11	0	0
7.2.18	bhashya	82	35	0	0
7.2.19	bhashya	7	2	0	0
7.2.20	bhashya	51	19	0	0
7.2.21	bhashya	37	13	0	0
7.2.22	bhashya	0	0	0	0
7.2.23	bhashya	27	12	1	1
7.2.24	bhashya	0	0	0	0
7.2.25	bhashya	0	0	0	0
7.2.26	bhashya	135	44	4	4
7.2.27	bhashya	49	24	0	0
7.2.28	bhashya	51	25	0	0
7.2.29	bhashya	32	9	0	0
7.2.29	vartika	1	1	0	0
7.2.30	bhashya	15	6	2	2
7.2.30	vartika	4	0	0	0
7.2.31	bhashya	0	0	0	0
7.2.32	bhashya	0	0	0	0
7.2.33	bhashya	0	0	0	0
7.2.34	bhashya	0	0	0	0
7.2.35	bhashya	114	48	3	3
7.2.36	bhashya	180	115	9	9
7.2.37	bhashya	259	117	8	8
7.2.38	bhashya	0	0	0	0
7.2.39	bhashya	0	0	0	0
7.2.40	bhashya	0	0	0	0
7.2.41	bhashya	0	0	0	0
7.2.42	bhashya	0	0	0	0
7.2.43	bhashya	0	0	0	0
7.2.44	bhashya	205	79	7	7
7.2.45	bhashya	0	0	0	0
7.2.46	bhashya	0	0	0	0
7.2.47	bhashya	36	17	1	1
7.2.48	bhashya	13	7	0	0
7.2.49	vartika	5	1	0	0
7.2.49	bhashya	0	0	0	0
7.2.50	bhashya	0	0	0	0
7.2.51	bhashya	0	0	0	0
7.2.52	bhashya	17	9	1	1
7.2.53	bhashya	0	0	0	0
7.2.54	bhashya	0	0	0	0
7.2.55	bhashya	0	0	0	0
7.2.56	bhashya	0	0	0	0
7.2.57	bhashya	0	0	0	0
7.2.58	bhashya	56	36	4	4
7.2.59	bhashya	116	66	7	7
7.2.60	bhashya	0	0	0	0
7.2.61	bhashya	0	0	0	0
7.2.62	bhashya	102	47	6	6
7.2.63	bhashya	77	30	0	0
7.2.64	bhashya	18	4	0	0
7.2.65	bhashya	0	0	0	0
7.2.66	bhashya	0	0	0	0
7.2.67	bhashya	260	110	5	5
7.2.68	bhashya	14	7	0	0
7.2.68	vartika	1	0	0	0
7.2.69	bhashya	0	0	0	0
7.2.70	bhashya	27	13	2	2
7.2.71	bhashya	0	0	0	0
7.2.72	bhashya	0	0	0	0
7.2.73	bhashya	83	32	3	3
7.2.74	bhashya	0	0	0	0
7.2.75	bhashya	0	0	0	0
7.2.76	bhashya	0	0	0	0
7.2.77	bhashya	54	18	0	0
7.2.78	bhashya	54	18	0	0
7.2.79	bhashya	0	0	0	0
7.2.80	bhashya	38	13	0	0
7.2.81	bhashya	0	0	0	0
7.2.82	bhashya	131	48	4	4
7.2.83	bhashya	0	0	0	0
7.2.84	bhashya	73	26	6	6
7.2.85	bhashya	0	0	0	0
7.2.86	bhashya	21	11	1	1
7.2.87	bhashya	0	0	0	0
7.2.88	bhashya	0	0	0	0
7.2.89	bhashya	0	0	0	0
7.2.90	bhashya	13	5	1	1
7.2.91	bhashya	83	34	4	4
7.2.92	bhashya	0	0	0	0
7.2.93	bhashya	0	0	0	0
7.2.94	bhashya	0	0	0	0
7.2.95	bhashya	0	0	0	0
7.2.96	bhashya	0	0	0	0
7.2.97	bhashya	0	0	0	0
7.2.98	bhashya	339	164	16	16
7.2.99	bhashya	57	28	2	2
7.2.100	bhashya	115	46	4	4
7.2.101	bhashya	85	32	2	1
7.2.102	bhashya	215	77	6	6
7.2.102	vartika	1	1	0	0
7.2.103	bhashya	0	0	0	0
7.2.104	bhashya	0	0	0	0
7.2.105	bhashya	15	3	0	0
7.2.106	bhashya	95	32	2	2
7.2.107	bhashya	206	76	8	8
7.2.107	vartika	6	2	0	0
7.2.108	bhashya	0	0	0	0
7.2.109	bhashya	0	0	0	0
7.2.110	bhashya	0	0	0	0
7.2.111	bhashya	0	0	0	0
7.2.112	bhashya	0	0	0	0
7.2.113	bhashya	0	0	0	0
7.2.114	bhashya	82	42	3	3
7.2.115	bhashya	115	41	1	1
7.2.116	bhashya	0	0	0	0
7.2.117	bhashya	164	58	1	1
7.2.118	bhashya	0	0	0	0
7.3.1	bhashya	184	78	3	3
7.3.2	bhashya	0	0	0	0
7.3.3	bhashya	175	77	5	5
7.3.4	bhashya	91	31	2	2
7.3.5	bhashya	0	0	0	0
7.3.6	bhashya	0	0	0	0
7.3.7	bhashya	0	0	0	0
7.3.8	bhashya	80	36	0	0
7.3.8	vartika	2	1	0	0
7.3.9	bhashya	0	0	0	0
7.3.10	bhashya	80	44	5	5
7.3.11	bhashya	0	0	0	0
7.3.12	bhashya	0	0	0	0
7.3.13	bhashya	0	0	0	0
7.3.14	bhashya	124	49	9	9
7.3.15	bhashya	82	40	4	4
7.3.16	bhashya	0	0	0	0
7.3.17	vartika	2	2	1	1
7.3.17	bhashya	0	0	0	0
7.3.18	bhashya	0	0	0	0
7.3.19	bhashya	0	0	0	0
7.3.20	bhashya	0	0	0	0
7.3.21	bhashya	0	0	0	0
7.3.22	bhashya	0	0	0	0
7.3.23	bhashya	0	0	0	0
7.3.24	bhashya	0	0	0	0
7.3.25	bhashya	0	0	0	0
7.3.26	bhashya	0	0	0	0
7.3.27	bhashya	0	0	0	0
7.3.28	bhashya	39	18	1	1
7.3.29	bhashya	0	0	0	0
7.3.30	bhashya	0	0	0	0
7.3.31	bhashya	28	12	2	2
7.3.32	bhashya	19	10	0	0
7.3.33	bhashya	55	21	5	4
7.3.34	bhashya	12	8	1	0
7.3.34	vartika	2	2	0	0
7.3.35	bhashya	0	0	0	0
7.3.36	bhashya	0	0	0	0
7.3.37	bhashya	10	6	0	0
7.3.37	vartika	1	2	0	0
7.3.38	bhashya	0	0	0	0
7.3.39	bhashya	0	0	0	0
7.3.40	bhashya	0	0	0	0
7.3.41	bhashya	0	0	0	0
7.3.42	bhashya	0	0	0	0
7.3.43	bhashya	0	0	0	0
7.3.44	bhashya	213	87	11	11
7.3.44	vartika	1	2	0	0
7.3.45	bhashya	136	62	2	2
7.3.45	vartika	3	7	1	1
7.3.46	bhashya	36	13	2	2
7.3.46	vartika	2	1	1	1
7.3.47	bhashya	29	20	3	3
7.3.48	bhashya	0	0	0	0
7.3.49	bhashya	0	0	0	0
7.3.50	bhashya	184	77	12	11
7.3.51	bhashya	26	9	1	1
7.3.51	vartika	2	1	0	0
7.3.52	vartika	3	2	0	0
7.3.52	bhashya	0	0	0	0
7.3.53	bhashya	0	0	0	0
7.3.54	bhashya	178	74	3	3
7.3.55	bhashya	53	26	3	2
7.3.56	bhashya	38	15	2	2
7.3.57	bhashya	27	10	0	0
7.3.58	bhashya	0	0	0	0
7.3.59	bhashya	39	20	0	0
7.3.60	bhashya	0	0	0	0
7.3.61	bhashya	45	18	0	0
7.3.62	bhashya	0	0	0	0
7.3.63	bhashya	0	0	0	0
7.3.64	bhashya	0	0	0	0
7.3.65	bhashya	0	0	0	0
7.3.66	bhashya	45	28	5	5
7.3.66	vartika	1	0	0	0
7.3.67	bhashya	0	0	0	0
7.3.68	bhashya	0	0	0	0
7.3.69	bhashya	38	7	0	0
7.3.70	bhashya	22	6	0	0
7.3.71	bhashya	59	21	1	1
7.3.72	bhashya	0	0	0	0
7.3.73	bhashya	0	0	0	0
7.3.74	bhashya	0	0	0	0
7.3.75	bhashya	16	5	2	2
7.3.75	vartika	4	1	0	0
7.3.76	bhashya	0	0	0	0
7.3.77	bhashya	53	19	1	1
7.3.78	bhashya	30	15	0	0
7.3.79	bhashya	33	13	0	0
7.3.80	bhashya	0	0	0	0
7.3.81	bhashya	0	0	0	0
7.3.82	bhashya	0	0	0	0
7.3.83	bhashya	86	22	0	0
7.3.84	bhashya	0	0	0	0
7.3.85	bhashya	174	68	5	2
7.3.86	bhashya	126	50	5	5
7.3.87	bhashya	67	28	1	1
7.3.87	vartika	3	1	0	0
7.3.88	bhashya	46	18	1	1
7.3.89	bhashya	0	0	0	0
7.3.90	bhashya	0	0	0	0
7.3.91	bhashya	0	0	0	0
7.3.92	bhashya	64	30	2	2
7.3.93	bhashya	0	0	0	0
7.3.94	bhashya	0	0	0	0
7.3.95	bhashya	17	9	0	0
7.3.96	bhashya	0	0	0	0
7.3.97	bhashya	0	0	0	0
7.3.98	bhashya	0	0	0	0
7.3.99	bhashya	0	0	0	0
7.3.100	bhashya	0	0	0	0
7.3.101	bhashya	0	0	0	0
7.3.102	bhashya	0	0	0	0
7.3.103	bhashya	30	13	2	2
7.3.104	bhashya	0	0	0	0
7.3.105	bhashya	0	0	0	0
7.3.106	bhashya	0	0	0	0
7.3.107	bhashya	66	30	0	0
7.3.108	bhashya	60	24	1	1
7.3.109	bhashya	35	10	1	1
7.3.110	bhashya	0	0	0	0
7.3.111	bhashya	22	9	1	1
7.3.112	bhashya	0	0	0	0
7.3.113	bhashya	52	26	3	3
7.3.114	bhashya	0	0	0	0
7.3.115	bhashya	0	0	0	0
7.3.116	bhashya	30	16	0	0
7.3.117	bhashya	0	0	0	0
7.3.118	bhashya	93	31	0	0
7.3.119	bhashya	94	31	0	0
7.3.120	bhashya	34	12	0	0
7.4.1	bhashya	320	142	6	6
7.4.2	bhashya	135	48	3	3
7.4.3	bhashya	23	9	0	0
7.4.3	vartika	3	2	0	0
7.4.4	bhashya	0	0	0	0
7.4.5	bhashya	0	0	0	0
7.4.6	bhashya	0	0	0	0
7.4.7	bhashya	0	0	0	0
7.4.8	bhashya	0	0	0	0
7.4.9	bhashya	129	56	4	4
7.4.9	vartika	3	2	0	0
7.4.10	bhashya	121	42	1	1
7.4.11	bhashya	0	0	0	0
7.4.12	bhashya	45	15	1	1
7.4.13	bhashya	28	12	2	2
7.4.14	bhashya	0	0	0	0
7.4.15	bhashya	0	0	0	0
7.4.16	bhashya	0	0	0	0
7.4.17	bhashya	0	0	0	0
7.4.18	bhashya	0	0	0	0
7.4.19	bhashya	0	0	0	0
7.4.20	bhashya	0	0	0	0
7.4.21	bhashya	0	0	0	0
7.4.22	bhashya	0	0	0	0
7.4.23	bhashya	20	4	0	0
7.4.24	bhashya	27	13	0	0
7.4.25	bhashya	0	0	0	0
7.4.26	bhashya	0	0	0	0
7.4.27	bhashya	30	12	1	1
7.4.28	bhashya	0	0	0	0
7.4.29	bhashya	0	0	0	0
7.4.30	bhashya	21	12	4	4
7.4.30	vartika	4	1	0	0
7.4.31	bhashya	0	0	0	0
7.4.32	bhashya	0	0	0	0
7.4.33	bhashya	0	0	0	0
7.4.34	bhashya	0	0	0	0
7.4.35	bhashya	37	19	1	0
7.4.35	vartika	2	2	0	0
7.4.36	bhashya	0	0	0	0
7.4.37	bhashya	30	13	1	1
7.4.38	bhashya	0	0	0	0
7.4.39	bhashya	0	0	0	0
7.4.40	bhashya	0	0	0	0
7.4.41	bhashya	22	11	2	2
7.4.41	vartika	4	3	1	1
7.4.42	bhashya	0	0	0	0
7.4.43	bhashya	0	0	0	0
7.4.44	bhashya	0	0	0	0
7.4.45	bhashya	0	0	0	0
7.4.46	bhashya	58	17	0	0
7.4.47	bhashya	121	43	2	2
7.4.48	bhashya	24	10	1	1
7.4.48	vartika	3	3	0	0
7.4.49	bhashya	0	0	0	0
7.4.50	bhashya	0	0	0	0
7.4.51	bhashya	0	0	0	0
7.4.52	bhashya	0	0	0	0
7.4.53	bhashya	0	0	0	0
7.4.54	bhashya	16	7	0	0
7.4.54	vartika	4	0	0	0
7.4.55	bhashya	63	24	2	2
7.4.56	bhashya	0	0	0	0
7.4.57	bhashya	0	0	0	0
7.4.58	bhashya	16	3	0	0
7.4.59	bhashya	0	0	0	0
7.4.60	bhashya	121	45	8	8
7.4.61	bhashya	147	56	4	2
7.4.62	bhashya	0	0	0	0
7.4.63	bhashya	0	0	0	0
7.4.64	bhashya	0	0	0	0
7.4.65	bhashya	136	70	2	2
7.4.66	bhashya	0	0	0	0
7.4.67	bhashya	74	38	2	2
7.4.68	bhashya	0	0	0	0
7.4.69	bhashya	0	0	0	0
7.4.70	bhashya	0	0	0	0
7.4.71	bhashya	0	0	0	0
7.4.72	bhashya	0	0	0	0
7.4.73	bhashya	0	0	0	0
7.4.74	bhashya	0	0	0	0
7.4.75	bhashya	31	9	2	2
7.4.76	bhashya	0	0	0	0
7.4.77	bhashya	25	12	0	0
7.4.78	bhashya	0	0	0	0
7.4.79	bhashya	0	0	0	0
7.4.80	bhashya	0	0	0	0
7.4.81	bhashya	0	0	0	0
7.4.82	bhashya	133	64	9	9
7.4.83	bhashya	138	50	3	3
7.4.84	bhashya	0	0	0	0
7.4.85	bhashya	34	12	2	0
7.4.86	bhashya	0	0	0	0
7.4.87	bhashya	0	0	0	0
7.4.88	bhashya	0	0	0	0
7.4.89	bhashya	0	0	0	0
7.4.90	bhashya	15	12	0	0
7.4.90	vartika	3	1	0	0
7.4.91	bhashya	13	9	0	0
7.4.92	bhashya	43	10	1	1
7.4.93	bhashya	167	75	4	4
7.4.94	bhashya	0	0	0	0
7.4.95	bhashya	0	0	0	0
7.4.96	bhashya	0	0	0	0
7.4.97	bhashya	0	0	0	0
8.1.1	bhashya	702	310	29	26
8.1.2	bhashya	0	0	0	0
8.1.3	bhashya	0	0	0	0
8.1.4	bhashya	366	156	15	15
8.1.5	bhashya	40	18	0	0
8.1.5	vartika	3	1	0	0
8.1.6	bhashya	0	0	0	0
8.1.7	bhashya	0	0	0	0
8.1.8	bhashya	0	0	0	0
8.1.9	bhashya	114	54	3	3
8.1.10	bhashya	0	0	0	0
8.1.11	bhashya	20	12	1	1
8.1.12	bhashya	339	123	11	8
8.1.12	vartika	8	7	0	0
8.1.13	bhashya	0	0	0	0
8.1.14	bhashya	0	0	0	0
8.1.15	bhashya	55	35	2	2
8.1.16	bhashya	93	44	5	5
8.1.17	bhashya	93	44	5	5
8.1.18	bhashya	233	78	7	7
8.1.18	vartika	3	3	0	0
8.1.19	bhashya	0	0	0	0
8.1.20	bhashya	0	0	0	0
8.1.21	bhashya	0	0	0	0
8.1.22	bhashya	0	0	0	0
8.1.23	bhashya	0	0	0	0
8.1.24	bhashya	0	0	0	0
8.1.25	bhashya	0	0	0	0
8.1.26	bhashya	93	25	4	4
8.1.27	bhashya	61	36	0	0
8.1.28	bhashya	20	8	1	1
8.1.29	bhashya	0	0	0	0
8.1.30	bhashya	52	18	0	0
8.1.31	bhashya	0	0	0	0
8.1.32	bhashya	0	0	0	0
8.1.33	bhashya	0	0	0	0
8.1.34	bhashya	0	0	0	0
8.1.35	bhashya	30	12	0	0
8.1.36	bhashya	0	0	0	0
8.1.37	bhashya	0	0	0	0
8.1.38	bhashya	0	0	0	0
8.1.39	bhashya	35	16	2	2
8.1.40	bhashya	0	0	0	0
8.1.41	bhashya	0	0	0	0
8.1.42	bhashya	0	0	0	0
8.1.43	bhashya	0	0	0	0
8.1.44	bhashya	0	0	0	0
8.1.45	bhashya	0	0	0	0
8.1.46	bhashya	84	28	6	6
8.1.47	bhashya	0	0	0	0
8.1.48	bhashya	0	0	0	0
8.1.49	bhashya	0	0	0	0
8.1.50	bhashya	9	0	0	0
8.1.51	bhashya	97	56	12	11
8.1.52	bhashya	0	0	0	0
8.1.53	bhashya	0	0	0	0
8.1.54	bhashya	0	0	0	0
8.1.55	bhashya	74	34	3	3
8.1.56	bhashya	73	33	7	7
8.1.57	bhashya	32	22	2	2
8.1.58	bhashya	0	0	0	0
8.1.59	bhashya	0	0	0	0
8.1.60	bhashya	0	0	0	0
8.1.61	bhashya	0	0	0	0
8.1.62	bhashya	0	0	0	0
8.1.63	bhashya	0	0	0	0
8.1.64	bhashya	0	0	0	0
8.1.65	bhashya	0	0	0	0
8.1.66	bhashya	60	21	1	1
8.1.66	vartika	3	1	0	0
8.1.67	bhashya	23	15	0	0
8.1.68	bhashya	97	31	3	3
8.1.68	vartika	2	2	0	0
8.1.69	bhashya	35	9	1	1
8.1.69	vartika	3	3	0	0
8.1.70	bhashya	152	53	4	4
8.1.71	bhashya	106	54	9	9
8.1.72	bhashya	146	60	6	6
8.1.73	bhashya	27	9	3	3
8.1.74	bhashya	52	21	3	3
8.1.74	vartika	2	1	0	0
8.2.1	bhashya	239	109	13	13
8.2.1	vartika	1	1	0	0
8.2.2	bhashya	142	52	8	8
8.2.3	bhashya	162	48	10	10
8.2.3	vartika	4	2	1	1
8.2.4	bhashya	95	42	8	8
8.2.5	bhashya	0	0	0	0
8.2.6	bhashya	799	344	48	48
8.2.7	bhashya	93	39	4	4
8.2.7	vartika	2	1	0	0
8.2.8	bhashya	145	46	4	4
8.2.8	vartika	3	4	0	0
8.2.9	bhashya	0	0	0	0
8.2.10	bhashya	0	0	0	0
8.2.11	bhashya	42	13	0	0
8.2.12	bhashya	43	14	0	0
8.2.13	bhashya	0	0	0	0
8.2.14	bhashya	0	0	0	0
8.2.15	bhashya	81	29	1	1
8.2.16	bhashya	179	78	14	14
8.2.17	bhashya	11	7	0	0
8.2.17	vartika	1	1	0	0
8.2.18	bhashya	68	23	0	0
8.2.18	vartika	3	3	0	0
8.2.19	bhashya	107	53	5	5
8.2.20	bhashya	0	0	0	0
8.2.21	bhashya	44	20	1	1
8.2.22	bhashya	151	48	3	3
8.2.22	vartika	3	1	0	0
8.2.23	bhashya	161	59	1	1
8.2.23	vartika	3	1	0	0
8.2.24	bhashya	0	0	0	0
8.2.25	bhashya	248	90	13	13
8.2.25	vartika	2	1	0	0
8.2.26	bhashya	0	0	0	0
8.2.27	bhashya	0	0	0	0
8.2.28	bhashya	0	0	0	0
8.2.29	bhashya	0	0	0	0
8.2.30	bhashya	0	0	0	0
8.2.31	bhashya	0	0	0	0
8.2.32	bhashya	94	35	0	0
8.2.33	bhashya	0	0	0	0
8.2.34	bhashya	0	0	0	0
8.2.35	bhashya	0	0	0	0
8.2.36	bhashya	0	0	0	0
8.2.36	vartika	4	0	0	0
8.2.37	bhashya	0	0	0	0
8.2.38	bhashya	118	50	4	4
8.2.39	bhashya	0	0	0	0
8.2.40	bhashya	41	12	0	0
8.2.41	bhashya	0	0	0	0
8.2.42	bhashya	189	89	3	3
8.2.43	bhashya	0	0	0	0
8.2.44	bhashya	40	15	0	0
8.2.44	vartika	1	4	0	0
8.2.45	bhashya	0	0	0	0
8.2.46	bhashya	96	47	0	0
8.2.47	bhashya	0	0	0	0
8.2.48	bhashya	103	47	2	2
8.2.49	bhashya	0	0	0	0
8.2.50	bhashya	17	5	0	0
8.2.51	bhashya	0	0	0	0
8.2.52	bhashya	0	0	0	0
8.2.53	bhashya	0	0	0	0
8.2.54	bhashya	0	0	0	0
8.2.55	bhashya	90	26	0	0
8.2.55	vartika	1	1	0	0
8.2.56	bhashya	76	31	1	1
8.2.57	bhashya	0	0	0	0
8.2.58	bhashya	68	20	2	2
8.2.59	bhashya	31	12	0	0
8.2.60	bhashya	0	0	0	0
8.2.61	bhashya	0	0	0	0
8.2.62	bhashya	69	20	3	3
8.2.63	bhashya	0	0	0	0
8.2.64	bhashya	0	0	0	0
8.2.65	bhashya	0	0	0	0
8.2.66	bhashya	0	0	0	0
8.2.67	bhashya	0	0	0	0
8.2.68	bhashya	10	9	0	0
8.2.68	vartika	3	1	0	0
8.2.69	bhashya	48	14	2	2
8.2.70	bhashya	41	13	0	0
8.2.70	vartika	4	2	0	0
8.2.71	bhashya	0	0	0	0
8.2.72	bhashya	110	33	1	1
8.2.73	bhashya	0	0	0	0
8.2.74	bhashya	0	0	0	0
8.2.75	bhashya	0	0	0	0
8.2.76	bhashya	0	0	0	0
8.2.77	bhashya	0	0	0	0
8.2.78	bhashya	134	75	8	8
8.2.79	bhashya	0	0	0	0
8.2.80	bhashya	109	42	3	3
8.2.81	bhashya	36	13	1	0
8.2.82	bhashya	116	49	10	10
8.2.83	bhashya	175	65	0	0
8.2.83	vartika	3	2	0	0
8.2.84	bhashya	60	24	0	0
8.2.85	bhashya	65	29	10	10
8.2.86	bhashya	146	76	5	5
8.2.87	bhashya	0	0	0	0
8.2.88	bhashya	28	10	1	1
8.2.89	bhashya	41	20	0	0
8.2.90	bhashya	22	7	2	2
8.2.91	bhashya	0	0	0	0
8.2.92	bhashya	63	25	1	1
8.2.93	bhashya	0	0	0	0
8.2.94	bhashya	0	0	0	0
8.2.95	bhashya	15	4	0	0
8.2.95	vartika	3	2	0	0
8.2.96	bhashya	0	0	0	0
8.2.97	bhashya	0	0	0	0
8.2.98	bhashya	0	0	0	0
8.2.99	bhashya	0	0	0	0
8.2.100	bhashya	0	0	0	0
8.2.101	bhashya	0	0	0	0
8.2.102	bhashya	0	0	0	0
8.2.103	bhashya	15	5	0	0
8.2.104	bhashya	0	0	0	0
8.2.105	bhashya	0	0	0	0
8.2.106	bhashya	106	45	3	3
8.2.107	bhashya	73	37	3	3
8.2.107	vartika	5	5	1	1
8.2.108	bhashya	175	69	5	5
8.3.1	bhashya	59	21	0	0
8.3.1	vartika	5	2	0	0
8.3.2	bhashya	0	0	0	0
8.3.3	bhashya	0	0	0	0
8.3.4	bhashya	0	0	0	0
8.3.5	bhashya	93	41	0	0
8.3.5	vartika	6	1	0	0
8.3.6	bhashya	93	41	0	0
8.3.7	bhashya	0	0	0	0
8.3.8	bhashya	0	0	0	0
8.3.9	bhashya	0	0	0	0
8.3.10	bhashya	0	0	0	0
8.3.11	bhashya	0	0	0	0
8.3.12	bhashya	93	41	0	0
8.3.13	bhashya	70	37	3	3
8.3.14	bhashya	0	0	0	0
8.3.15	bhashya	115	51	3	3
8.3.16	bhashya	21	4	0	0
8.3.17	bhashya	79	31	1	1
8.3.18	bhashya	0	0	0	0
8.3.19	bhashya	0	0	0	0
8.3.20	bhashya	16	10	1	1
8.3.21	bhashya	38	9	1	1
8.3.22	bhashya	0	0	0	0
8.3.23	bhashya	0	0	0	0
8.3.24	bhashya	0	0	0	0
8.3.25	bhashya	0	0	0	0
8.3.26	bhashya	21	4	0	0
8.3.26	vartika	4	1	0	0
8.3.27	bhashya	0	0	0	0
8.3.28	bhashya	178	62	7	7
8.3.29	bhashya	178	62	7	7
8.3.30	bhashya	178	62	7	7
8.3.31	bhashya	178	62	7	7
8.3.32	bhashya	119	38	3	3
8.3.33	bhashya	44	12	2	2
8.3.34	bhashya	181	65	6	6
8.3.35	bhashya	0	0	0	0
8.3.36	bhashya	16	6	0	0
8.3.36	vartika	5	1	0	0
8.3.37	bhashya	130	47	2	2
8.3.38	bhashya	112	43	2	2
8.3.38	vartika	3	2	0	0
8.3.39	bhashya	192	91	16	16
8.3.40	bhashya	0	0	0	0
8.3.41	bhashya	76	38	0	0
8.3.41	vartika	2	1	0	0
8.3.42	bhashya	0	0	0	0
8.3.43	bhashya	166	66	9	9
8.3.44	bhashya	0	0	0	0
8.3.45	bhashya	172	62	3	3
8.3.46	bhashya	0	0	0	0
8.3.47	bhashya	0	0	0	0
8.3.48	bhashya	0	0	0	0
8.3.49	bhashya	0	0	0	0
8.3.50	bhashya	0	0	0	0
8.3.51	bhashya	0	0	0	0
8.3.52	bhashya	0	0	0	0
8.3.53	bhashya	0	0	0	0
8.3.54	bhashya	0	0	0	0
8.3.55	bhashya	51	21	1	1
8.3.56	bhashya	126	49	9	7
8.3.57	bhashya	65	34	1	1
8.3.58	bhashya	65	34	1	1
8.3.59	bhashya	282	112	7	7
8.3.60	bhashya	0	0	0	0
8.3.61	bhashya	124	51	4	4
8.3.62	bhashya	0	0	0	0
8.3.63	bhashya	0	0	0	0
8.3.64	bhashya	38	26	2	2
8.3.65	bhashya	149	70	2	2
8.3.66	bhashya	0	0	0	0
8.3.67	bhashya	38	15	0	0
8.3.68	bhashya	0	0	0	0
8.3.69	bhashya	0	0	0	0
8.3.70	bhashya	0	0	0	0
8.3.71	bhashya	0	0	0	0
8.3.72	bhashya	35	16	1	1
8.3.73	bhashya	0	0	0	0
8.3.74	bhashya	16	7	1	1
8.3.75	bhashya	0	0	0	0
8.3.76	bhashya	0	0	0	0
8.3.77	bhashya	0	0	0	0
8.3.78	bhashya	200	98	7	7
8.3.79	bhashya	200	98	7	7
8.3.80	bhashya	0	0	0	0
8.3.81	bhashya	0	0	0	0
8.3.82	bhashya	43	26	2	2
8.3.83	bhashya	0	0	0	0
8.3.84	bhashya	0	0	0	0
8.3.85	bhashya	26	14	1	0
8.3.86	bhashya	0	0	0	0
8.3.87	bhashya	79	34	1	1
8.3.88	bhashya	104	48	2	0
8.3.89	bhashya	0	0	0	0
8.3.90	bhashya	0	0	0	0
8.3.91	bhashya	40	11	1	1
8.3.92	bhashya	0	0	0	0
8.3.93	bhashya	0	0	0	0
8.3.94	bhashya	0	0	0	0
8.3.95	bhashya	0	0	0	0
8.3.96	bhashya	0	0	0	0
8.3.97	bhashya	40	20	2	2
8.3.97	vartika	2	2	0	0
8.3.98	bhashya	6	6	0	0
8.3.99	bhashya	0	0	0	0
8.3.100	bhashya	0	0	0	0
8.3.101	bhashya	12	9	0	0
8.3.102	bhashya	0	0	0	0
8.3.103	bhashya	0	0	0	0
8.3.104	bhashya	0	0	0	0
8.3.105	bhashya	15	10	2	2
8.3.106	bhashya	0	0	0	0
8.3.107	bhashya	0	0	0	0
8.3.108	bhashya	72	30	2	2
8.3.109	bhashya	0	0	0	0
8.3.110	bhashya	41	19	3	3
8.3.111	bhashya	0	0	0	0
8.3.112	bhashya	0	0	0	0
8.3.113	bhashya	59	24	2	2
8.3.114	bhashya	0	0	0	0
8.3.115	bhashya	13	2	0	0
8.3.116	bhashya	20	15	0	0
8.3.117	bhashya	31	12	0	0
8.3.118	bhashya	23	10	0	0
8.3.118	vartika	1	1	0	0
8.3.119	bhashya	0	0	0	0
8.4.1	bhashya	140	52	3	3
8.4.1	vartika	3	1	0	0
8.4.2	bhashya	221	101	12	12
8.4.3	bhashya	139	62	9	9
8.4.4	bhashya	0	0	0	0
8.4.5	bhashya	0	0	0	0
8.4.6	bhashya	17	13	0	0
8.4.6	vartika	3	3	0	0
8.4.7	bhashya	26	10	0	0
8.4.8	bhashya	23	11	0	0
8.4.9	bhashya	0	0	0	0
8.4.10	bhashya	11	8	2	2
8.4.10	vartika	2	1	0	0
8.4.11	bhashya	65	34	0	0
8.4.11	vartika	1	1	0	0
8.4.12	bhashya	0	0	0	0
8.4.13	bhashya	36	13	0	0
8.4.14	bhashya	166	58	8	6
8.4.15	bhashya	37	22	6	6
8.4.16	bhashya	75	26	3	3
8.4.17	bhashya	107	46	1	1
8.4.18	bhashya	0	0	0	0
8.4.19	bhashya	0	0	0	0
8.4.20	bhashya	62	21	1	1
8.4.21	bhashya	9	7	0	0
8.4.22	bhashya	17	9	1	1
8.4.23	bhashya	0	0	0	0
8.4.24	bhashya	0	0	0	0
8.4.25	bhashya	0	0	0	0
8.4.26	bhashya	0	0	0	0
8.4.27	bhashya	0	0	0	0
8.4.28	bhashya	64	17	0	0
8.4.29	bhashya	12	6	2	2
8.4.29	vartika	1	1	0	0
8.4.30	bhashya	21	16	2	2
8.4.31	bhashya	0	0	0	0
8.4.32	bhashya	125	45	4	4
8.4.33	bhashya	0	0	0	0
8.4.34	bhashya	22	11	2	2
8.4.34	vartika	1	2	0	0
8.4.35	bhashya	28	13	1	1
8.4.36	bhashya	30	9	1	1
8.4.37	bhashya	0	0	0	0
8.4.38	bhashya	31	13	5	5
8.4.38	vartika	3	0	0	0
8.4.39	bhashya	9	9	0	0
8.4.39	vartika	1	2	0	0
8.4.40	bhashya	24	8	0	0
8.4.40	vartika	4	0	0	0
8.4.41	bhashya	25	8	1	1
8.4.42	bhashya	14	7	0	0
8.4.42	vartika	2	2	0	0
8.4.43	bhashya	0	0	0	0
8.4.44	bhashya	0	0	0	0
8.4.45	bhashya	17	5	2	2
8.4.45	vartika	3	0	0	0
8.4.46	bhashya	0	0	0	0
8.4.47	bhashya	84	21	0	0
8.4.47	vartika	4	0	0	0
8.4.48	bhashya	39	18	1	1
8.4.48	vartika	5	3	0	0
8.4.49	bhashya	0	0	0	0
8.4.50	bhashya	0	0	0	0
8.4.51	bhashya	0	0	0	0
8.4.52	bhashya	0	0	0	0
8.4.53	bhashya	0	0	0	0
8.4.54	bhashya	14	5	0	0
8.4.55	bhashya	0	0	0	0
8.4.56	bhashya	0	0	0	0
8.4.57	bhashya	0	0	0	0
8.4.58	bhashya	0	0	0	0
8.4.59	bhashya	0	0	0	0
8.4.60	bhashya	0	0	0	0
8.4.61	bhashya	18	9	0	0
8.4.62	bhashya	0	0	0	0
8.4.63	bhashya	12	8	0	0
8.4.63	vartika	2	1	0	0
8.4.64	bhashya	0	0	0	0
8.4.65	bhashya	27	8	0	0
8.4.66	bhashya	0	0	0	0
8.4.67	bhashya	0	0	0	0
8.4.68	bhashya	186	73	5	5
